,id_transcricao,data_reuniao,setor,porte_empresa,canal,produto_principal,transcricao,risco_de_churn,oportunidade_upsell,mencao_concorrente
0,T001,2026-04-11,Indústria,Média,Zoom,Protheus,durante reuniao empresa setor industria porte media equipe comercial observou utiliza principalmente modulo protheus sinalizou possibilidade upgrade contrato alem disso validada necessidade treinamento usuarioschave existe expectativa ganho produtividade automacao fluxo aprovacao cliente espera melhoria perceptivel antes ampliar escopo,0,1,0
1,T002,2026-05-05,Saúde,Grande,Teams,Analytics,durante reuniao empresa setor saude porte grande diretora financeira explicou utiliza principalmente modulo analytics demonstrou abertura piloto dashboard gerencial alem disso mencionou risco cancelamento problema persistir conversa reforcou necessidade padronizacao cadastro qualidade dados sugerida prova conceito validar aderencia,1,0,0
2,T003,2026-04-15,Saúde,Grande,Google Meet,BI,durante reuniao empresa setor saude porte grande cliente relatou utiliza principalmente modulo bi interesse ampliar uso sistema alem disso validada necessidade treinamento usuarioschave time interno considera importante acelerar adocao usuarios finais time pediu acompanhamento quinzenal medir evolucao cliente reforcou urgente: quer reduzir retrabalho financeiro pediu retorno rapido,0,1,0
3,T004,2026-04-26,Indústria,Pequena,Zoom,Financeiro,durante reuniao empresa setor industria porte pequena gerente rh informou utiliza principalmente modulo financeiro listadas pendencias proxima sprint alem disso cliente pediu documentacao tecnica complementar area negocio pediu alertas automaticos acompanhar desvios criticos proxima etapa sera consolidar requisitos priorizar entregas,0,0,0
4,T005,2026-05-08,Educação,Grande,Zoom,Analytics,durante reuniao empresa setor educacao porte grande responsavel projeto destacou utiliza principalmente modulo analytics mostrou interesse modulo fiscal relatorios inteligentes alem disso validada necessidade treinamento usuarioschave existe expectativa ganho produtividade automacao fluxo aprovacao proxima etapa sera consolidar requisitos priorizar entregas,0,1,0
5,T006,2026-04-10,Distribuição,Média,Teams,ERP,durante reuniao empresa setor distribuicao porte media gestor comentou utiliza principalmente modulo erp mencionou risco cancelamento problema persistir alem disso grupo revisou perfis acesso regras negocio cliente quer reduzir trabalho manual centralizar dados unica plataforma sugerida prova conceito validar aderencia,1,0,0
6,T007,2026-05-06,Construção,Grande,Presencial,Fluig,durante reuniao empresa setor construcao porte grande analista ti afirmou utiliza principalmente modulo fluig reuniao foco mapeamento processo atual alem disso discutidos responsaveis prazos proximos passos area negocio pediu alertas automaticos acompanhar desvios criticos cliente espera melhoria perceptivel antes ampliar escopo,0,0,0
7,T008,2026-04-30,Logística,Pequena,Zoom,Manufatura,durante reuniao empresa setor logistica porte pequena diretora financeira explicou utiliza principalmente modulo manufatura interesse ampliar uso sistema alem disso revisao indicadores serao acompanhados mencionado concorrencia apresentou proposta agressiva decisao dependera percepcao valor proximas semanas,0,1,1
8,T009,2026-04-13,Indústria,Grande,Zoom,Fluig,durante reuniao empresa setor industria porte grande time atendimento apontou utiliza principalmente modulo fluig quer integrar crm erp ainda neste semestre alem disso validada necessidade treinamento usuarioschave mencionado concorrencia apresentou proposta agressiva decisao dependera percepcao valor proximas semanas,0,1,1
9,T010,2026-04-08,Distribuição,Pequena,Zoom,Protheus,durante reuniao empresa setor distribuicao porte pequena cliente relatou utiliza principalmente modulo protheus sinalizou possibilidade upgrade contrato alem disso disse time sobrecarregado retrabalho existe expectativa ganho produtividade automacao fluxo aprovacao ficou combinado retornar plano acao nova demonstracao,1,1,0
10,T011,2026-04-05,Educação,Grande,Teams,CRM,durante reuniao empresa setor educacao porte grande gerente rh informou utiliza principalmente modulo crm quer integrar crm erp ainda neste semestre alem disso mencionou risco cancelamento problema persistir conversa reforcou necessidade padronizacao cadastro qualidade dados decisao dependera percepcao valor proximas semanas,1,1,0
11,T012,2026-05-15,Serviços,Média,Presencial,Financeiro,durante reuniao empresa setor servicos porte media supervisor fiscal comentou utiliza principalmente modulo financeiro equipe alinhou cronograma nova rodada testes alem disso revisao indicadores serao acompanhados time interno considera importante acelerar adocao usuarios finais cliente espera melhoria perceptivel antes ampliar escopo obs: mencao dashboard tempo real necessidade integracao via api,0,0,0
12,T013,2026-04-15,Logística,Média,Presencial,CRM,durante reuniao empresa setor logistica porte media coordenador operacoes disse utiliza principalmente modulo crm avaliando contratar modulo analytics alem disso validada necessidade treinamento usuarioschave tambem apareceu necessidade melhorar visibilidade indicadores diretoria decisao dependera percepcao valor proximas semanas,0,1,0
13,T014,2026-05-16,Distribuição,Pequena,Google Meet,ERP,durante reuniao empresa setor distribuicao porte pequena gestor comentou utiliza principalmente modulo erp relatou lentidao horarios pico alem disso equipe alinhou cronograma nova rodada testes cliente quer reduzir trabalho manual centralizar dados unica plataforma ficou combinado retornar plano acao nova demonstracao,1,0,0
14,T015,2026-04-14,Logística,Pequena,,Fiscal,durante reuniao empresa setor logistica porte pequena gerente rh informou utiliza principalmente modulo fiscal quer integrar crm erp ainda neste semestre alem disso registrou atraso recorrente fechamento financeiro existe expectativa ganho produtividade automacao fluxo aprovacao sugerida prova conceito validar aderencia,1,1,0
15,T016,2026-04-23,Construção,Pequena,Teams,CRM,durante reuniao empresa setor construcao porte pequena responsavel projeto destacou utiliza principalmente modulo crm afirmou usuarios evitam usar algumas telas complexidade alem disso grupo revisou perfis acesso regras negocio conversa reforcou necessidade padronizacao cadastro qualidade dados cliente espera melhoria perceptivel antes ampliar escopo,1,0,0
16,T017,2026-04-22,Varejo,Grande,Teams,ERP,durante reuniao empresa setor varejo porte grande responsavel projeto destacou utiliza principalmente modulo erp citou insatisfacao suporte ultimo mes alem disso equipe alinhou cronograma nova rodada testes existe expectativa ganho produtividade automacao fluxo aprovacao proxima etapa sera consolidar requisitos priorizar entregas,1,0,0
17,T018,2026-04-18,Distribuição,Média,Google Meet,Manufatura,durante reuniao empresa setor distribuicao porte media diretora financeira explicou utiliza principalmente modulo manufatura registrou atraso recorrente fechamento financeiro alem disso equipe alinhou cronograma nova rodada testes cliente quer reduzir trabalho manual centralizar dados unica plataforma sugerida prova conceito validar aderencia,1,0,0
18,T019,2026-04-06,Distribuição,Pequena,Teams,Fluig,durante reuniao empresa setor distribuicao porte pequena cliente relatou utiliza principalmente modulo fluig equipe alinhou cronograma nova rodada testes alem disso cliente pediu documentacao tecnica complementar time interno considera importante acelerar adocao usuarios finais sugerida prova conceito validar aderencia,0,0,0
19,T020,2026-04-25,Tecnologia,Pequena,Presencial,ERP,durante reuniao empresa setor tecnologia porte pequena diretora financeira explicou utiliza principalmente modulo erp interesse ampliar uso sistema alem disso afirmou usuarios evitam usar algumas telas complexidade area negocio pediu alertas automaticos acompanhar desvios criticos sugerida prova conceito validar aderencia,1,1,0
20,T021,2026-04-19,Saúde,Média,Presencial,RH,durante reuniao empresa setor saude porte media coordenador operacoes disse utiliza principalmente modulo rh demonstrou abertura piloto dashboard gerencial alem disso reuniao foco mapeamento processo atual tambem apareceu necessidade melhorar visibilidade indicadores diretoria cliente espera melhoria perceptivel antes ampliar escopo,0,0,0
21,T022,2026-05-03,Logística,Pequena,Teams,Analytics,durante reuniao empresa setor logistica porte pequena gerente rh informou utiliza principalmente modulo analytics quer integrar crm erp ainda neste semestre alem disso reuniao foco mapeamento processo atual cliente quer reduzir trabalho manual centralizar dados unica plataforma proxima etapa sera consolidar requisitos priorizar entregas,0,1,0
22,T023,2026-04-08,Indústria,Grande,Teams,Financeiro,durante reuniao empresa setor industria porte grande responsavel projeto destacou utiliza principalmente modulo financeiro comentou diretoria questiona valor entregue alem disso reuniao foco mapeamento processo atual cliente quer reduzir trabalho manual centralizar dados unica plataforma sugerida prova conceito validar aderencia,1,0,0
23,T024,2026-05-13,Agronegócio,Grande,Zoom,Fiscal,durante reuniao empresa setor agronegocio porte grande coordenador operacoes disse utiliza principalmente modulo fiscal sinalizou possibilidade upgrade contrato alem disso equipe alinhou cronograma nova rodada testes area negocio pediu alertas automaticos acompanhar desvios criticos sugerida prova conceito validar aderencia,0,1,0
24,T025,2026-04-05,Serviços,Grande,Zoom,Protheus,durante reuniao empresa setor servicos porte grande equipe comercial observou utiliza principalmente modulo protheus interesse ampliar uso sistema alem disso registrou atraso recorrente fechamento financeiro cliente quer reduzir trabalho manual centralizar dados unica plataforma ficou combinado retornar plano acao nova demonstracao,1,1,0
25,T026,2026-04-05,Distribuição,Pequena,Zoom,RH,durante reuniao empresa setor distribuicao porte pequena equipe comercial observou utiliza principalmente modulo rh equipe alinhou cronograma nova rodada testes alem disso validada necessidade treinamento usuarioschave area negocio pediu alertas automaticos acompanhar desvios criticos proxima etapa sera consolidar requisitos priorizar entregas time citou churn risco caso sla suporte nao melhore,0,0,0
26,T027,2026-04-01,Tecnologia,Grande,Zoom,Analytics,durante reuniao empresa setor tecnologia porte grande supervisor fiscal comentou utiliza principalmente modulo analytics pediu proposta automacao processos alem disso citou insatisfacao suporte ultimo mes mencionado concorrencia apresentou proposta agressiva time pediu acompanhamento quinzenal medir evolucao,1,1,1
27,T028,2026-05-09,Indústria,Pequena,Google Meet,Fiscal,durante reuniao empresa setor industria porte pequena analista ti afirmou utiliza principalmente modulo fiscal demonstrou abertura piloto dashboard gerencial alem disso reclamou falhas integracao sistemas existe expectativa ganho produtividade automacao fluxo aprovacao cliente espera melhoria perceptivel antes ampliar escopo,1,0,0
28,T029,2026-04-06,Saúde,Grande,Presencial,Fiscal,durante reuniao empresa setor saude porte grande cliente relatou utiliza principalmente modulo fiscal afirmou usuarios evitam usar algumas telas complexidade alem disso revisao indicadores serao acompanhados tambem apareceu necessidade melhorar visibilidade indicadores diretoria ficou combinado retornar plano acao nova demonstracao,1,0,0
29,T030,2026-05-06,Logística,Pequena,Zoom,RH,durante reuniao empresa setor logistica porte pequena gerente rh informou utiliza principalmente modulo rh afirmou usuarios evitam usar algumas telas complexidade alem disso reuniao foco mapeamento processo atual cliente quer reduzir trabalho manual centralizar dados unica plataforma ficou combinado retornar plano acao nova demonstracao,1,0,0
30,T031,2026-05-06,Serviços,Grande,Teams,BI,durante reuniao empresa setor servicos porte grande time atendimento apontou utiliza principalmente modulo bi mencionou risco cancelamento problema persistir alem disso grupo revisou perfis acesso regras negocio mencionado concorrencia apresentou proposta agressiva ficou combinado retornar plano acao nova demonstracao,1,0,1
31,T032,2026-05-14,Saúde,Média,Teams,BI,durante reuniao empresa setor saude porte media coordenador operacoes disse utiliza principalmente modulo bi demonstrou abertura piloto dashboard gerencial alem disso citou insatisfacao suporte ultimo mes lideranca quer evidencias quantitativas antes decidir expansao decisao dependera percepcao valor proximas semanas,1,0,0
32,T033,2026-04-12,Construção,Grande,Google Meet,Financeiro,durante reuniao empresa setor construcao porte grande diretora financeira explicou utiliza principalmente modulo financeiro mostrou interesse modulo fiscal relatorios inteligentes alem disso reuniao foco mapeamento processo atual mencionado concorrencia apresentou proposta agressiva cliente espera melhoria perceptivel antes ampliar escopo,0,1,1
33,T034,2026-05-15,Logística,Média,Google Meet,Fiscal,durante reuniao empresa setor logistica porte media diretora financeira explicou utiliza principalmente modulo fiscal avaliando contratar modulo analytics alem disso afirmou usuarios evitam usar algumas telas complexidade tambem apareceu necessidade melhorar visibilidade indicadores diretoria sugerida prova conceito validar aderencia,1,1,0
34,T035,2026-04-15,Educação,Pequena,Presencial,BI,durante reuniao empresa setor educacao porte pequena analista ti afirmou utiliza principalmente modulo bi comentou diretoria questiona valor entregue alem disso reuniao foco mapeamento processo atual existe expectativa ganho produtividade automacao fluxo aprovacao sugerida prova conceito validar aderencia,1,0,0
35,T036,2026-05-12,Logística,Média,Teams,Fiscal,durante reuniao empresa setor logistica porte media equipe comercial observou utiliza principalmente modulo fiscal mostrou interesse modulo fiscal relatorios inteligentes alem disso reclamou falhas integracao sistemas tambem apareceu necessidade melhorar visibilidade indicadores diretoria ficou combinado retornar plano acao nova demonstracao,1,1,0
36,T037,2026-05-09,Saúde,Pequena,Zoom,ERP,durante reuniao empresa setor saude porte pequena gestor comentou utiliza principalmente modulo erp mostrou interesse modulo fiscal relatorios inteligentes alem disso validada necessidade treinamento usuarioschave lideranca quer evidencias quantitativas antes decidir expansao sugerida prova conceito validar aderencia,0,1,0
37,T038,2026-04-13,Agronegócio,Grande,Teams,Manufatura,durante reuniao empresa setor agronegocio porte grande time atendimento apontou utiliza principalmente modulo manufatura pediu proposta automacao processos alem disso reuniao foco mapeamento processo atual time interno considera importante acelerar adocao usuarios finais ficou combinado retornar plano acao nova demonstracao ha interesse poc analytics budget ainda depende aprovacao,0,1,0
38,T039,2026-04-05,Distribuição,Grande,Google Meet,BI,durante reuniao empresa setor distribuicao porte grande responsavel projeto destacou utiliza principalmente modulo bi sinalizou possibilidade upgrade contrato alem disso reclamou falhas integracao sistemas cliente quer reduzir trabalho manual centralizar dados unica plataforma cliente espera melhoria perceptivel antes ampliar escopo,1,1,0
39,T040,2026-04-26,Saúde,Grande,Zoom,Manufatura,durante reuniao empresa setor saude porte grande equipe comercial observou utiliza principalmente modulo manufatura pediu proposta automacao processos alem disso mencionou risco cancelamento problema persistir existe expectativa ganho produtividade automacao fluxo aprovacao sugerida prova conceito validar aderencia,1,1,0
40,T041,2026-04-20,Construção,Grande,Google Meet,Analytics,durante reuniao empresa setor construcao porte grande time atendimento apontou utiliza principalmente modulo analytics mostrou interesse modulo fiscal relatorios inteligentes alem disso relatou lentidao horarios pico area negocio pediu alertas automaticos acompanhar desvios criticos time pediu acompanhamento quinzenal medir evolucao,1,1,0
41,T042,2026-04-29,Educação,Média,Zoom,Protheus,durante reuniao empresa setor educacao porte media gerente rh informou utiliza principalmente modulo protheus demonstrou abertura piloto dashboard gerencial alem disso registrou atraso recorrente fechamento financeiro mencionado concorrencia apresentou proposta agressiva cliente espera melhoria perceptivel antes ampliar escopo,1,0,1
42,T043,2026-05-14,Indústria,Média,Zoom,CRM,durante reuniao empresa setor industria porte media coordenador operacoes disse utiliza principalmente modulo crm disse time sobrecarregado retrabalho alem disso equipe alinhou cronograma nova rodada testes existe expectativa ganho produtividade automacao fluxo aprovacao proxima etapa sera consolidar requisitos priorizar entregas,1,0,0
43,T044,2026-04-05,Varejo,Pequena,Google Meet,Protheus,durante reuniao empresa setor varejo porte pequena time atendimento apontou utiliza principalmente modulo protheus solicitou apresentacao funcionalidades avancadas bi alem disso afirmou usuarios evitam usar algumas telas complexidade existe expectativa ganho produtividade automacao fluxo aprovacao cliente espera melhoria perceptivel antes ampliar escopo,1,1,0
44,T045,2026-05-12,Construção,Média,Presencial,Financeiro,durante reuniao empresa setor construcao porte media diretora financeira explicou utiliza principalmente modulo financeiro reuniao foco mapeamento processo atual alem disso discutidos responsaveis prazos proximos passos time interno considera importante acelerar adocao usuarios finais proxima etapa sera consolidar requisitos priorizar entregas,0,0,0
45,T046,2026-04-16,Serviços,Grande,Presencial,ERP,durante reuniao empresa setor servicos porte grande supervisor fiscal comentou utiliza principalmente modulo erp discutidos responsaveis prazos proximos passos alem disso listadas pendencias proxima sprint mencionado concorrencia apresentou proposta agressiva sugerida prova conceito validar aderencia,0,0,1
46,T047,2026-05-03,Distribuição,Grande,Zoom,Protheus,durante reuniao empresa setor distribuicao porte grande time atendimento apontou utiliza principalmente modulo protheus mostrou interesse modulo fiscal relatorios inteligentes alem disso listadas pendencias proxima sprint mencionado concorrencia apresentou proposta agressiva cliente espera melhoria perceptivel antes ampliar escopo,0,1,1
47,T048,2026-05-04,Tecnologia,Média,Zoom,Financeiro,durante reuniao empresa setor tecnologia porte media analista ti afirmou utiliza principalmente modulo financeiro solicitou apresentacao funcionalidades avancadas bi alem disso comentou diretoria questiona valor entregue area negocio pediu alertas automaticos acompanhar desvios criticos sugerida prova conceito validar aderencia,1,1,0
48,T049,2026-04-22,Indústria,Grande,Zoom,Financeiro,durante reuniao empresa setor industria porte grande analista ti afirmou utiliza principalmente modulo financeiro sinalizou possibilidade upgrade contrato alem disso citou insatisfacao suporte ultimo mes mencionado concorrencia apresentou proposta agressiva proxima etapa sera consolidar requisitos priorizar entregas reuniao hibrida audio trechos curtos frases interrompidas assim ficou claro desconforto falhas,1,1,1
49,T050,2026-04-27,Educação,Média,Google Meet,Financeiro,durante reuniao empresa setor educacao porte media gestor comentou utiliza principalmente modulo financeiro grupo revisou perfis acesso regras negocio alem disso validada necessidade treinamento usuarioschave conversa reforcou necessidade padronizacao cadastro qualidade dados sugerida prova conceito validar aderencia,0,0,0
50,T051,2026-05-15,Varejo,Pequena,Presencial,Manufatura,durante reuniao empresa setor varejo porte pequena time atendimento apontou utiliza principalmente modulo manufatura relatou lentidao horarios pico alem disso grupo revisou perfis acesso regras negocio conversa reforcou necessidade padronizacao cadastro qualidade dados ficou combinado retornar plano acao nova demonstracao,1,0,0
51,T052,2026-05-05,Logística,Média,Presencial,Manufatura,durante reuniao empresa setor logistica porte media supervisor fiscal comentou utiliza principalmente modulo manufatura demonstrou abertura piloto dashboard gerencial alem disso registrou atraso recorrente fechamento financeiro existe expectativa ganho produtividade automacao fluxo aprovacao time pediu acompanhamento quinzenal medir evolucao,1,0,0
52,T053,2026-05-13,Construção,Média,Teams,Manufatura,durante reuniao empresa setor construcao porte media equipe comercial observou utiliza principalmente modulo manufatura mostrou interesse modulo fiscal relatorios inteligentes alem disso mencionou risco cancelamento problema persistir conversa reforcou necessidade padronizacao cadastro qualidade dados proxima etapa sera consolidar requisitos priorizar entregas,1,1,0
53,T054,2026-05-07,Agronegócio,Grande,Teams,Manufatura,durante reuniao empresa setor agronegocio porte grande time atendimento apontou utiliza principalmente modulo manufatura interesse ampliar uso sistema alem disso citou insatisfacao suporte ultimo mes time interno considera importante acelerar adocao usuarios finais proxima etapa sera consolidar requisitos priorizar entregas,1,1,0
54,T055,2026-04-21,Tecnologia,Pequena,Teams,Fiscal,durante reuniao empresa setor tecnologia porte pequena responsavel projeto destacou utiliza principalmente modulo fiscal demonstrou abertura piloto dashboard gerencial alem disso listadas pendencias proxima sprint lideranca quer evidencias quantitativas antes decidir expansao time pediu acompanhamento quinzenal medir evolucao,0,0,0
55,T056,2026-05-01,Construção,Média,Presencial,Fiscal,durante reuniao empresa setor construcao porte media gestor comentou utiliza principalmente modulo fiscal interesse ampliar uso sistema alem disso reuniao foco mapeamento processo atual lideranca quer evidencias quantitativas antes decidir expansao proxima etapa sera consolidar requisitos priorizar entregas,0,1,0
56,T057,2026-04-13,Indústria,Grande,Teams,ERP,durante reuniao empresa setor industria porte grande coordenador operacoes disse utiliza principalmente modulo erp relatou lentidao horarios pico alem disso cliente pediu documentacao tecnica complementar existe expectativa ganho produtividade automacao fluxo aprovacao proxima etapa sera consolidar requisitos priorizar entregas,1,0,0
57,T058,2026-04-30,Tecnologia,Grande,Teams,Analytics,durante reuniao empresa setor tecnologia porte grande coordenador operacoes disse utiliza principalmente modulo analytics disse time sobrecarregado retrabalho alem disso validada necessidade treinamento usuarioschave mencionado concorrencia apresentou proposta agressiva decisao dependera percepcao valor proximas semanas,1,0,1
58,T059,2026-04-07,Agronegócio,Grande,Teams,,durante reuniao empresa setor agronegocio porte grande analista ti afirmou utiliza principalmente modulo rh interesse ampliar uso sistema alem disso revisao indicadores serao acompanhados time interno considera importante acelerar adocao usuarios finais sugerida prova conceito validar aderencia,0,1,0
59,T060,2026-05-14,Educação,Pequena,Google Meet,CRM,durante reuniao empresa setor educacao porte pequena analista ti afirmou utiliza principalmente modulo crm citou insatisfacao suporte ultimo mes alem disso reuniao foco mapeamento processo atual lideranca quer evidencias quantitativas antes decidir expansao decisao dependera percepcao valor proximas semanas,1,0,0
60,T061,2026-05-12,Construção,Grande,Zoom,CRM,durante reuniao empresa setor construcao porte grande supervisor fiscal comentou utiliza principalmente modulo crm sinalizou possibilidade upgrade contrato alem disso relatou lentidao horarios pico time interno considera importante acelerar adocao usuarios finais sugerida prova conceito validar aderencia,1,1,0
61,T062,2026-04-28,Indústria,Média,Zoom,Protheus,durante reuniao empresa setor industria porte media diretora financeira explicou utiliza principalmente modulo protheus cliente pediu documentacao tecnica complementar alem disso revisao indicadores serao acompanhados conversa reforcou necessidade padronizacao cadastro qualidade dados sugerida prova conceito validar aderencia,0,0,0
62,T063,2026-04-06,Construção,Grande,Zoom,BI,durante reuniao empresa setor construcao porte grande coordenador operacoes disse utiliza principalmente modulo bi revisao indicadores serao acompanhados alem disso listadas pendencias proxima sprint existe expectativa ganho produtividade automacao fluxo aprovacao sugerida prova conceito validar aderencia,0,0,0
63,T064,2026-05-02,Agronegócio,Grande,Presencial,BI,durante reuniao empresa setor agronegocio porte grande cliente relatou utiliza principalmente modulo bi sinalizou possibilidade upgrade contrato alem disso cliente pediu documentacao tecnica complementar conversa reforcou necessidade padronizacao cadastro qualidade dados proxima etapa sera consolidar requisitos priorizar entregas usuarios disseram processo atual manual lento pouco confiavel,0,1,0
64,T065,2026-05-15,Logística,Média,Zoom,Fiscal,durante reuniao empresa setor logistica porte media time atendimento apontou utiliza principalmente modulo fiscal pediu proposta automacao processos alem disso reuniao foco mapeamento processo atual existe expectativa ganho produtividade automacao fluxo aprovacao ficou combinado retornar plano acao nova demonstracao,0,1,0
65,T066,2026-04-16,Educação,Grande,Presencial,Protheus,durante reuniao empresa setor educacao porte grande supervisor fiscal comentou utiliza principalmente modulo protheus registrou atraso recorrente fechamento financeiro alem disso listadas pendencias proxima sprint conversa reforcou necessidade padronizacao cadastro qualidade dados ficou combinado retornar plano acao nova demonstracao,1,0,0
66,T067,2026-04-20,Indústria,Média,Google Meet,Manufatura,durante reuniao empresa setor industria porte media coordenador operacoes disse utiliza principalmente modulo manufatura reclamou falhas integracao sistemas alem disso listadas pendencias proxima sprint lideranca quer evidencias quantitativas antes decidir expansao sugerida prova conceito validar aderencia,1,0,0
67,T068,2026-04-20,Distribuição,Média,Zoom,Protheus,durante reuniao empresa setor distribuicao porte media analista ti afirmou utiliza principalmente modulo protheus disse time sobrecarregado retrabalho alem disso equipe alinhou cronograma nova rodada testes cliente quer reduzir trabalho manual centralizar dados unica plataforma cliente espera melhoria perceptivel antes ampliar escopo,1,0,0
68,T069,2026-04-13,Educação,Média,Teams,Fluig,durante reuniao empresa setor educacao porte media diretora financeira explicou utiliza principalmente modulo fluig demonstrou abertura piloto dashboard gerencial alem disso listadas pendencias proxima sprint area negocio pediu alertas automaticos acompanhar desvios criticos cliente espera melhoria perceptivel antes ampliar escopo,0,0,0
69,T070,2026-04-19,Agronegócio,Grande,Zoom,CRM,durante reuniao empresa setor agronegocio porte grande coordenador operacoes disse utiliza principalmente modulo crm demonstrou abertura piloto dashboard gerencial alem disso validada necessidade treinamento usuarioschave mencionado concorrencia apresentou proposta agressiva time pediu acompanhamento quinzenal medir evolucao,0,0,1
70,T071,2026-05-06,Distribuição,Pequena,Zoom,ERP,durante reuniao empresa setor distribuicao porte pequena cliente relatou utiliza principalmente modulo erp pediu proposta automacao processos alem disso cliente pediu documentacao tecnica complementar conversa reforcou necessidade padronizacao cadastro qualidade dados ficou combinado retornar plano acao nova demonstracao,0,1,0
71,T072,2026-04-22,Agronegócio,Média,Presencial,Protheus,durante reuniao empresa setor agronegocio porte media gerente rh informou utiliza principalmente modulo protheus quer integrar crm erp ainda neste semestre alem disso reuniao foco mapeamento processo atual area negocio pediu alertas automaticos acompanhar desvios criticos sugerida prova conceito validar aderencia,0,1,0
72,T073,2026-05-11,Indústria,Média,Presencial,CRM,durante reuniao empresa setor industria porte media time atendimento apontou utiliza principalmente modulo crm interesse ampliar uso sistema alem disso cliente pediu documentacao tecnica complementar mencionado concorrencia apresentou proposta agressiva decisao dependera percepcao valor proximas semanas,0,1,1
73,T074,2026-05-09,Indústria,Pequena,Teams,Fluig,durante reuniao empresa setor industria porte pequena responsavel projeto destacou utiliza principalmente modulo fluig equipe alinhou cronograma nova rodada testes alem disso grupo revisou perfis acesso regras negocio conversa reforcou necessidade padronizacao cadastro qualidade dados sugerida prova conceito validar aderencia,0,0,0
74,T075,2026-04-04,Agronegócio,Média,Zoom,Analytics,durante reuniao empresa setor agronegocio porte media time atendimento apontou utiliza principalmente modulo analytics discutidos responsaveis prazos proximos passos alem disso equipe alinhou cronograma nova rodada testes existe expectativa ganho produtividade automacao fluxo aprovacao time pediu acompanhamento quinzenal medir evolucao,0,0,0
75,T076,2026-04-11,Serviços,Pequena,Google Meet,Fluig,durante reuniao empresa setor servicos porte pequena gestor comentou utiliza principalmente modulo fluig interesse ampliar uso sistema alem disso grupo revisou perfis acesso regras negocio conversa reforcou necessidade padronizacao cadastro qualidade dados cliente espera melhoria perceptivel antes ampliar escopo,0,1,0
76,T077,2026-05-15,Saúde,Pequena,Google Meet,Fiscal,durante reuniao empresa setor saude porte pequena analista ti afirmou utiliza principalmente modulo fiscal solicitou apresentacao funcionalidades avancadas bi alem disso citou insatisfacao suporte ultimo mes existe expectativa ganho produtividade automacao fluxo aprovacao time pediu acompanhamento quinzenal medir evolucao,1,1,0
77,T078,2026-05-23,Construção,Pequena,Google Meet,RH,durante reuniao empresa setor construcao porte pequena analista ti afirmou utiliza principalmente modulo rh mencionou risco cancelamento problema persistir alem disso discutidos responsaveis prazos proximos passos tambem apareceu necessidade melhorar visibilidade indicadores diretoria proxima etapa sera consolidar requisitos priorizar entregas,1,0,0
78,T079,2026-04-30,Agronegócio,Grande,Zoom,Protheus,durante reuniao empresa setor agronegocio porte grande gestor comentou utiliza principalmente modulo protheus revisao indicadores serao acompanhados alem disso grupo revisou perfis acesso regras negocio area negocio pediu alertas automaticos acompanhar desvios criticos decisao dependera percepcao valor proximas semanas,0,0,0
79,T080,2026-05-09,Tecnologia,Pequena,Teams,Manufatura,durante reuniao empresa setor tecnologia porte pequena equipe comercial observou utiliza principalmente modulo manufatura pediu proposta automacao processos alem disso relatou lentidao horarios pico cliente quer reduzir trabalho manual centralizar dados unica plataforma proxima etapa sera consolidar requisitos priorizar entregas diretoria pediu visao consolidada indicadores especialmente receita margem inadimplencia,1,1,0
80,T081,2026-05-04,Saúde,Grande,Teams,RH,durante reuniao empresa setor saude porte grande gerente rh informou utiliza principalmente modulo rh solicitou apresentacao funcionalidades avancadas bi alem disso revisao indicadores serao acompanhados mencionado concorrencia apresentou proposta agressiva decisao dependera percepcao valor proximas semanas,0,1,1
81,T082,2026-04-22,Tecnologia,Pequena,Presencial,BI,durante reuniao empresa setor tecnologia porte pequena responsavel projeto destacou utiliza principalmente modulo bi sinalizou possibilidade upgrade contrato alem disso citou insatisfacao suporte ultimo mes mencionado concorrencia apresentou proposta agressiva time pediu acompanhamento quinzenal medir evolucao,1,1,1
82,T083,2026-04-30,Tecnologia,Média,Presencial,Fluig,durante reuniao empresa setor tecnologia porte media cliente relatou utiliza principalmente modulo fluig avaliando contratar modulo analytics alem disso reclamou falhas integracao sistemas area negocio pediu alertas automaticos acompanhar desvios criticos time pediu acompanhamento quinzenal medir evolucao,1,1,0
83,T084,2026-04-27,Construção,Grande,Teams,Fluig,durante reuniao empresa setor construcao porte grande gerente rh informou utiliza principalmente modulo fluig interesse ampliar uso sistema alem disso equipe alinhou cronograma nova rodada testes lideranca quer evidencias quantitativas antes decidir expansao decisao dependera percepcao valor proximas semanas,0,1,0
84,T085,2026-04-09,Tecnologia,Pequena,Google Meet,Fiscal,durante reuniao empresa setor tecnologia porte pequena supervisor fiscal comentou utiliza principalmente modulo fiscal pediu proposta automacao processos alem disso registrou atraso recorrente fechamento financeiro conversa reforcou necessidade padronizacao cadastro qualidade dados ficou combinado retornar plano acao nova demonstracao,1,1,0
85,T086,2026-04-01,Agronegócio,Pequena,Google Meet,Fiscal,durante reuniao empresa setor agronegocio porte pequena supervisor fiscal comentou utiliza principalmente modulo fiscal mostrou interesse modulo fiscal relatorios inteligentes alem disso discutidos responsaveis prazos proximos passos existe expectativa ganho produtividade automacao fluxo aprovacao ficou combinado retornar plano acao nova demonstracao,0,1,0
86,T087,2026-05-03,Indústria,Grande,Google Meet,Protheus,durante reuniao empresa setor industria porte grande analista ti afirmou utiliza principalmente modulo protheus pediu proposta automacao processos alem disso afirmou usuarios evitam usar algumas telas complexidade conversa reforcou necessidade padronizacao cadastro qualidade dados sugerida prova conceito validar aderencia,1,1,0
87,T088,2026-05-29,Tecnologia,Grande,Google Meet,Manufatura,durante reuniao empresa setor tecnologia porte grande coordenador operacoes disse utiliza principalmente modulo manufatura mencionou risco cancelamento problema persistir alem disso discutidos responsaveis prazos proximos passos area negocio pediu alertas automaticos acompanhar desvios criticos sugerida prova conceito validar aderencia,1,0,0
88,T089,2026-05-24,Distribuição,Média,Teams,Fiscal,durante reuniao empresa setor distribuicao porte media analista ti afirmou utiliza principalmente modulo fiscal listadas pendencias proxima sprint alem disso cliente pediu documentacao tecnica complementar conversa reforcou necessidade padronizacao cadastro qualidade dados decisao dependera percepcao valor proximas semanas,0,0,0
89,T090,2026-05-26,Logística,Média,Presencial,Protheus,durante reuniao empresa setor logistica porte media equipe comercial observou utiliza principalmente modulo protheus demonstrou abertura piloto dashboard gerencial alem disso comentou diretoria questiona valor entregue time interno considera importante acelerar adocao usuarios finais proxima etapa sera consolidar requisitos priorizar entregas,1,0,0
90,T0091,2026-05-28 00:00:00,Educação,Grande,Zoom,Fiscal,durante reuniao empresa setor educacao porte grande diretora financeira explicou utiliza principalmente modulo fiscal reuniao foco mapeamento processo atual alem disso sinalizou disposicao investir novo modulo ainda ano cliente mencionou avaliando proposta comercial sap ficou combinado retornar plano acao nova demonstracao,0,1,1
91,T0092,2026-08-18 00:00:00,Serviços,Pequena,Presencial,RH,durante reuniao empresa setor servicos porte pequena responsavel projeto destacou utiliza principalmente modulo rh reuniao foco mapeamento processo atual alem disso alinhamento sobre proximos marcos cronograma area negocio pediu alertas automaticos acompanhar desvios criticos time pediu acompanhamento quinzenal medir evolucao,0,0,0
92,T0093,2026-07-07 00:00:00,Saúde,Média,Google Meet,RH,durante reuniao empresa setor saude porte media responsavel projeto destacou utiliza principalmente modulo rh citou insatisfacao suporte ultimo mes alem disso time revisou relatorios operacionais ultimo mes relatou concorrente ofereceu condicoes comerciais vantajosas escopo proxima etapa sera consolidar requisitos priorizar entregas,1,0,1
93,T0094,2026-07-02 00:00:00,Agronegócio,Pequena,Zoom,Protheus,durante reuniao empresa setor agronegocio porte pequena diretor ti ressaltou utiliza principalmente modulo protheus comentou diretoria questiona valor entregue alem disso alinhamento sobre proximos marcos cronograma conversa reforcou necessidade padronizacao cadastro qualidade dados ficou combinado retornar plano acao nova demonstracao,1,0,0
94,T0095,2026-05-12 00:00:00,Logística,Média,Teams,ERP,durante reuniao empresa setor logistica porte media analista financeiro pontuou utiliza principalmente modulo erp equipe validou escopo projeto proxima fase alem disso registrou atraso recorrente fechamento financeiro time tecnico reforcou importancia manter base dados atualizada ficou combinado retornar plano acao nova demonstracao,1,0,0
95,T0096,2026-05-27 00:00:00,Logística,Pequena,Teams,Protheus,durante reuniao empresa setor logistica porte pequena lider operacoes declarou utiliza principalmente modulo protheus mencionou contrato perto vencimento previsao renovacao alem disso listadas pendencias proxima sprint conversa reforcou necessidade padronizacao cadastro qualidade dados ficou combinado retornar plano acao nova demonstracao,1,0,0
96,T0097,2026-08-06 00:00:00,Serviços,Grande,Presencial,BI,durante reuniao empresa setor servicos porte grande responsavel projeto destacou utiliza principalmente modulo bi demonstrou abertura piloto dashboard gerencial alem disso equipe alinhou cronograma nova rodada testes informou processo cotacao linx partes alinharam retorno ate duas semanas,0,0,1
97,T0098,2026-04-13 00:00:00,Saúde,Pequena,Teams,Manufatura,durante reuniao empresa setor saude porte pequena supervisor fiscal comentou utiliza principalmente modulo manufatura mostrou interesse modulo fiscal relatorios inteligentes alem disso listadas pendencias proxima sprint equipe destacou importancia documentar bem processos internos ficou definido followup proxima quinzena,0,1,0
98,T0099,2026-04-30 00:00:00,Tecnologia,Média,Google Meet,Analytics,durante reuniao empresa setor tecnologia porte media responsavel projeto destacou utiliza principalmente modulo analytics listadas pendencias proxima sprint alem disso demonstrou abertura piloto dashboard gerencial mencionado concorrencia apresentou proposta agressiva decisao dependera percepcao valor proximas semanas,0,0,1
99,T0100,2026-06-16 00:00:00,Tecnologia,Grande,Teams,BI,durante reuniao empresa setor tecnologia porte grande gestor comentou utiliza principalmente modulo bi demonstrou abertura piloto dashboard gerencial alem disso alinhamento sobre proximos marcos cronograma mencionou salesforce entrou contato oferecendo modulo crm ficou definido followup proxima quinzena diretoria pediu visao consolidada indicadores especialmente receita margem inadimplencia,0,0,1
100,T0101,2026-04-15 00:00:00,Distribuição,Grande,Zoom,Analytics,durante reuniao empresa setor distribuicao porte grande analista financeiro pontuou utiliza principalmente modulo analytics validada necessidade treinamento usuarioschave alem disso revisao indicadores serao acompanhados comentou recebeu cotacao senior sistemas condicoes atrativas ficou definido followup proxima quinzena,0,0,1
101,T0102,2026-05-25 00:00:00,Tecnologia,Grande,Teams,ERP,durante reuniao empresa setor tecnologia porte grande analista ti afirmou utiliza principalmente modulo erp informou confianca equipe sistema caiu ultimos meses alem disso revisao indicadores serao acompanhados conversa reforcou necessidade padronizacao cadastro qualidade dados ficou combinado retornar plano acao nova demonstracao,1,0,0
102,T0103,2026-05-27 00:00:00,Indústria,Pequena,Zoom,Financeiro,durante reuniao empresa setor industria porte pequena diretora financeira explicou utiliza principalmente modulo financeiro citou insatisfacao suporte ultimo mes alem disso feita retrospectiva entregas ultimo trimestre cliente mencionou avaliando proposta comercial sap ficou combinado retornar plano acao nova demonstracao,1,0,1
103,T0104,2026-07-31 00:00:00,Distribuição,Média,Presencial,Financeiro,durante reuniao empresa setor distribuicao porte media diretora financeira explicou utiliza principalmente modulo financeiro validada necessidade treinamento usuarioschave alem disso apresentado status atual plano implantacao tambem apareceu necessidade melhorar visibilidade indicadores diretoria partes alinharam retorno ate duas semanas,0,0,0
104,T0105,2026-04-26 00:00:00,Indústria,Média,Google Meet,Analytics,durante reuniao empresa setor industria porte media gerente rh informou utiliza principalmente modulo analytics solicitou apresentacao funcionalidades avancadas bi alem disso equipe alinhou cronograma nova rodada testes cliente quer reduzir trabalho manual centralizar dados unica plataforma partes alinharam retorno ate duas semanas,0,1,0
105,T0106,2026-08-19 00:00:00,Saúde,Pequena,,Protheus,durante reuniao empresa setor saude porte pequena diretora financeira explicou utiliza principalmente modulo protheus equipe alinhou cronograma nova rodada testes alem disso alinhamento sobre proximos marcos cronograma informou processo cotacao linx ficou definido followup proxima quinzena,0,0,1
106,T0107,2026-04-01 00:00:00,Serviços,Média,Presencial,ERP,durante reuniao empresa setor servicos porte media analista ti afirmou utiliza principalmente modulo erp time revisou relatorios operacionais ultimo mes alem disso feita retrospectiva entregas ultimo trimestre comentou recebeu cotacao senior sistemas condicoes atrativas ficou combinado retornar plano acao nova demonstracao,0,0,1
107,T0108,2026-06-20 00:00:00,Indústria,Pequena,,CRM,durante reuniao empresa setor industria porte pequena coordenador operacoes disse utiliza principalmente modulo crm discutidos responsaveis prazos proximos passos alem disso feita retrospectiva entregas ultimo trimestre existe expectativa ganho produtividade automacao fluxo aprovacao proxima etapa sera consolidar requisitos priorizar entregas,0,0,0
108,T0109,2026-07-13 00:00:00,Saúde,Grande,Teams,RH,durante reuniao empresa setor saude porte grande supervisor fiscal comentou utiliza principalmente modulo rh citou insatisfacao suporte ultimo mes alem disso mostrou interesse modulo fiscal relatorios inteligentes equipe destacou importancia documentar bem processos internos time pediu acompanhamento quinzenal medir evolucao,1,1,0
109,T0110,2026-07-11 00:00:00,Educação,Grande,Google Meet,CRM,durante reuniao empresa setor educacao porte grande gestor comentou utiliza principalmente modulo crm registrou atraso recorrente fechamento financeiro alem disso reuniao foco mapeamento processo atual cliente mencionou avaliando proposta comercial sap proxima etapa sera consolidar requisitos priorizar entregas,1,0,1
110,T0111,2026-04-18 00:00:00,Distribuição,Média,Google Meet,BI,durante reuniao empresa setor distribuicao porte media time atendimento apontou utiliza principalmente modulo bi equipe validou escopo projeto proxima fase alem disso manifestou interesse expandir uso sistema outras unidades time tecnico reforcou importancia manter base dados atualizada decisao dependera percepcao valor proximas semanas,0,1,0
111,T0112,2026-04-28 00:00:00,Tecnologia,Pequena,Google Meet,ERP,durante reuniao empresa setor tecnologia porte pequena supervisor fiscal comentou utiliza principalmente modulo erp disse time sobrecarregado retrabalho alem disso time revisou relatorios operacionais ultimo mes revelou sankhya ofereceu desconto agressivo possivel migracao decisao dependera percepcao valor proximas semanas,1,0,1
112,T0113,2026-07-18 00:00:00,Construção,Pequena,Zoom,Fluig,durante reuniao empresa setor construcao porte pequena lider operacoes declarou utiliza principalmente modulo fluig reclamou falhas integracao sistemas alem disso apresentado status atual plano implantacao comentou recebeu cotacao senior sistemas condicoes atrativas ficou definido followup proxima quinzena,1,0,1
113,T0114,2026-05-09 00:00:00,Tecnologia,Pequena,Google Meet,RH,durante reuniao empresa setor tecnologia porte pequena coordenador operacoes disse utiliza principalmente modulo rh listadas pendencias proxima sprint alem disso avaliando contratar modulo analytics mencionado concorrencia apresentou proposta agressiva decisao dependera percepcao valor proximas semanas,0,1,1
114,T0115,2026-07-01 00:00:00,Distribuição,Grande,Teams,Analytics,durante reuniao empresa setor distribuicao porte grande gestor comentou utiliza principalmente modulo analytics alinhamento sobre proximos marcos cronograma alem disso discutidos responsaveis prazos proximos passos comentou recebeu cotacao senior sistemas condicoes atrativas ficou combinado retornar plano acao nova demonstracao,0,0,1
115,T0116,2026-04-07 00:00:00,Educação,Grande,Google Meet,Manufatura,durante reuniao empresa setor educacao porte grande lider operacoes declarou utiliza principalmente modulo manufatura time revisou relatorios operacionais ultimo mes alem disso apresentado status atual plano implantacao lideranca quer evidencias quantitativas antes decidir expansao sugerida prova conceito validar aderencia,0,0,0
116,T0117,2026-05-27 00:00:00,Distribuição,Média,Google Meet,ERP,durante reuniao empresa setor distribuicao porte media gerente projetos pontuou utiliza principalmente modulo erp equipe alinhou cronograma nova rodada testes alem disso comentou diretoria questiona valor entregue time interno considera importante acelerar adocao usuarios finais partes alinharam retorno ate duas semanas,1,0,0
117,T0118,2026-08-09 00:00:00,Serviços,Grande,,Fluig,durante reuniao empresa setor servicos porte grande equipe comercial observou utiliza principalmente modulo fluig cliente pediu documentacao tecnica complementar alem disso validada necessidade treinamento usuarioschave citou oracle netsuite fez contato oferecendo pacote similar cliente espera melhoria perceptivel antes ampliar escopo diretoria pediu visao consolidada indicadores especialmente receita margem inadimplencia,0,0,1
118,T0119,2026-08-09 00:00:00,Saúde,Média,,Financeiro,durante reuniao empresa setor saude porte media responsavel projeto destacou utiliza principalmente modulo financeiro citou insatisfacao suporte ultimo mes alem disso time revisou relatorios operacionais ultimo mes existe expectativa ganho produtividade automacao fluxo aprovacao ficou combinado retornar plano acao nova demonstracao,1,0,0
119,T0120,2026-06-20 00:00:00,Saúde,Grande,Google Meet,Fiscal,durante reuniao empresa setor saude porte grande responsavel projeto destacou utiliza principalmente modulo fiscal afirmou ja perdeu produtividade causa falhas recentes alem disso grupo revisou perfis acesso regras negocio lideranca quer evidencias quantitativas antes decidir expansao sugerida prova conceito validar aderencia,1,0,0
120,T0121,2026-05-15 00:00:00,Agronegócio,Grande,Google Meet,Manufatura,durante reuniao empresa setor agronegocio porte grande coordenador operacoes disse utiliza principalmente modulo manufatura sinalizou possibilidade upgrade contrato alem disso cliente pediu documentacao tecnica complementar time interno considera importante acelerar adocao usuarios finais partes alinharam retorno ate duas semanas,0,1,0
121,T0122,2026-05-25 00:00:00,Tecnologia,Média,Teams,Analytics,durante reuniao empresa setor tecnologia porte media responsavel projeto destacou utiliza principalmente modulo analytics validada necessidade treinamento usuarioschave alem disso pediu proposta comercial modulo business intelligence lideranca quer evidencias quantitativas antes decidir expansao ficou combinado retornar plano acao nova demonstracao,0,1,0
122,T0123,2026-04-19 00:00:00,Varejo,Média,,Financeiro,durante reuniao empresa setor varejo porte media analista financeiro pontuou utiliza principalmente modulo financeiro relatou sistema apresentou instabilidade momento critico operacao alem disso solicitou reuniao comercial tratar expansao escopo time interno considera importante acelerar adocao usuarios finais sugerida prova conceito validar aderencia,1,1,0
123,T0124,2026-04-28 00:00:00,Serviços,Pequena,Teams,Fiscal,durante reuniao empresa setor servicos porte pequena time atendimento apontou utiliza principalmente modulo fiscal discutidos responsaveis prazos proximos passos alem disso citou insatisfacao suporte ultimo mes conversa reforcou necessidade padronizacao cadastro qualidade dados ficou definido followup proxima quinzena,1,0,0
124,T0125,2026-06-21 00:00:00,Varejo,Grande,,Manufatura,durante reuniao empresa setor varejo porte grande gerente projetos pontuou utiliza principalmente modulo manufatura revisao indicadores serao acompanhados alem disso discutidos responsaveis prazos proximos passos ficou registrada necessidade revisar relatorios fiscais mensais ficou definido followup proxima quinzena,0,0,0
125,T0126,2026-08-12 00:00:00,Varejo,Grande,Teams,ERP,durante reuniao empresa setor varejo porte grande time atendimento apontou utiliza principalmente modulo erp registrou atraso recorrente fechamento financeiro alem disso time revisou relatorios operacionais ultimo mes time interno considera importante acelerar adocao usuarios finais decisao dependera percepcao valor proximas semanas,1,0,0
126,T0127,2026-07-08 00:00:00,Educação,Grande,Teams,Analytics,durante reuniao empresa setor educacao porte grande analista ti afirmou utiliza principalmente modulo analytics sinalizou disposicao investir novo modulo ainda ano alem disso grupo revisou perfis acesso regras negocio informou processo cotacao linx cliente espera melhoria perceptivel antes ampliar escopo,0,1,1
127,T0128,2026-04-06 00:00:00,Agronegócio,Média,Presencial,Protheus,durante reuniao empresa setor agronegocio porte media gestor comentou utiliza principalmente modulo protheus cliente pediu documentacao tecnica complementar alem disso alinhamento sobre proximos marcos cronograma area negocio pediu alertas automaticos acompanhar desvios criticos ficou combinado retornar plano acao nova demonstracao,0,0,0
128,T0129,2026-07-13 00:00:00,Educação,Média,Teams,RH,durante reuniao empresa setor educacao porte media coordenador operacoes disse utiliza principalmente modulo rh listadas pendencias proxima sprint alem disso mencionou risco cancelamento problema persistir conversa reforcou necessidade padronizacao cadastro qualidade dados partes alinharam retorno ate duas semanas,1,0,0
129,T0130,2026-05-25 00:00:00,Varejo,Média,Google Meet,Manufatura,durante reuniao empresa setor varejo porte media responsavel projeto destacou utiliza principalmente modulo manufatura cliente pediu documentacao tecnica complementar alem disso sinalizou disposicao investir novo modulo ainda ano ficou registrada necessidade revisar relatorios fiscais mensais cliente espera melhoria perceptivel antes ampliar escopo,0,1,0
130,T0131,2026-04-18 00:00:00,Indústria,Pequena,Teams,Financeiro,durante reuniao empresa setor industria porte pequena gerente projetos pontuou utiliza principalmente modulo financeiro equipe validou escopo projeto proxima fase alem disso mencionou risco cancelamento problema persistir revelou sankhya ofereceu desconto agressivo possivel migracao sugerida prova conceito validar aderencia,1,0,1
131,T0132,2026-06-05 00:00:00,Logística,Pequena,,RH,durante reuniao empresa setor logistica porte pequena analista financeiro pontuou utiliza principalmente modulo rh alinhamento sobre proximos marcos cronograma alem disso relatou lentidao horarios pico lideranca quer evidencias quantitativas antes decidir expansao proxima etapa sera consolidar requisitos priorizar entregas,1,0,0
132,T0133,2026-07-06 00:00:00,Serviços,Grande,Teams,Analytics,durante reuniao empresa setor servicos porte grande supervisor fiscal comentou utiliza principalmente modulo analytics apresentado status atual plano implantacao alem disso time revisou relatorios operacionais ultimo mes conversa reforcou necessidade padronizacao cadastro qualidade dados decisao dependera percepcao valor proximas semanas,0,0,0
133,T0134,2026-04-11 00:00:00,Logística,Grande,Presencial,Fluig,durante reuniao empresa setor logistica porte grande diretora financeira explicou utiliza principalmente modulo fluig pediu proposta comercial modulo business intelligence alem disso reuniao foco mapeamento processo atual ficou registrada necessidade revisar relatorios fiscais mensais proxima etapa sera consolidar requisitos priorizar entregas,0,1,0
134,T0135,2026-05-10 00:00:00,Serviços,Pequena,,ERP,durante reuniao empresa setor servicos porte pequena supervisor fiscal comentou utiliza principalmente modulo erp mencionou nivel servico abaixo combinado contrato alem disso alinhamento sobre proximos marcos cronograma ficou registrada necessidade revisar relatorios fiscais mensais partes alinharam retorno ate duas semanas,1,0,0
135,T0136,2026-04-23 00:00:00,Construção,Média,Teams,CRM,durante reuniao empresa setor construcao porte media supervisor fiscal comentou utiliza principalmente modulo crm grupo revisou perfis acesso regras negocio alem disso demonstrou interesse conhecer modulo manufatura comentou diretoria pediu benchmark totvs outros fornecedores mercado time pediu acompanhamento quinzenal medir evolucao,0,1,1
136,T0137,2026-06-10 00:00:00,Tecnologia,Pequena,,Financeiro,durante reuniao empresa setor tecnologia porte pequena diretora financeira explicou utiliza principalmente modulo financeiro comentou diretoria questiona valor entregue alem disso time revisou relatorios operacionais ultimo mes ficou registrada necessidade revisar relatorios fiscais mensais ficou combinado retornar plano acao nova demonstracao,1,0,0
137,T0138,2026-04-24 00:00:00,Construção,Pequena,Presencial,Financeiro,durante reuniao empresa setor construcao porte pequena responsavel projeto destacou utiliza principalmente modulo financeiro apresentado status atual plano implantacao alem disso equipe validou escopo projeto proxima fase ficou registrada necessidade revisar relatorios fiscais mensais time pediu acompanhamento quinzenal medir evolucao,0,0,0
138,T0139,2026-06-09 00:00:00,Construção,Média,Teams,Analytics,durante reuniao empresa setor construcao porte media analista financeiro pontuou utiliza principalmente modulo analytics grupo revisou perfis acesso regras negocio alem disso solicitou apresentacao funcionalidades avancadas bi time tecnico reforcou importancia manter base dados atualizada sugerida prova conceito validar aderencia,0,1,0
139,T0140,2026-08-13 00:00:00,Agronegócio,Média,Zoom,Financeiro,durante reuniao empresa setor agronegocio porte media responsavel projeto destacou utiliza principalmente modulo financeiro grupo revisou perfis acesso regras negocio alem disso demonstrou interesse ampliar numero licencas usuarios lideranca quer evidencias quantitativas antes decidir expansao cliente espera melhoria perceptivel antes ampliar escopo,0,1,0
140,T0141,2026-06-14 00:00:00,Educação,Grande,Presencial,Analytics,durante reuniao empresa setor educacao porte grande gerente projetos pontuou utiliza principalmente modulo analytics mencionou risco cancelamento problema persistir alem disso manifestou interesse expandir uso sistema outras unidades comentou diretoria pediu benchmark totvs outros fornecedores mercado ficou definido followup proxima quinzena,1,1,1
141,T0142,2026-04-30 00:00:00,Saúde,Média,Presencial,Analytics,durante reuniao empresa setor saude porte media supervisor fiscal comentou utiliza principalmente modulo analytics demonstrou abertura piloto dashboard gerencial alem disso interesse ampliar uso sistema equipe destacou importancia documentar bem processos internos decisao dependera percepcao valor proximas semanas ha interesse poc analytics budget ainda depende aprovacao,0,1,0
142,T0143,2026-05-28 00:00:00,Tecnologia,Média,Presencial,CRM,durante reuniao empresa setor tecnologia porte media responsavel projeto destacou utiliza principalmente modulo crm cliente pediu documentacao tecnica complementar alem disso afirmou ja perdeu produtividade causa falhas recentes equipe destacou importancia documentar bem processos internos proxima etapa sera consolidar requisitos priorizar entregas,1,0,0
143,T0144,2026-05-11 00:00:00,Distribuição,Pequena,,Analytics,durante reuniao empresa setor distribuicao porte pequena cliente relatou utiliza principalmente modulo analytics mencionou risco cancelamento problema persistir alem disso sinalizou disposicao investir novo modulo ainda ano equipe destacou importancia documentar bem processos internos ficou definido followup proxima quinzena,1,1,0
144,T0145,2026-07-26 00:00:00,Saúde,Grande,Teams,ERP,durante reuniao empresa setor saude porte grande lider operacoes declarou utiliza principalmente modulo erp listadas pendencias proxima sprint alem disso disse time sobrecarregado retrabalho time tecnico reforcou importancia manter base dados atualizada ficou combinado retornar plano acao nova demonstracao,1,0,0
145,T0146,2026-05-13 00:00:00,Construção,Grande,,ERP,durante reuniao empresa setor construcao porte grande time atendimento apontou utiliza principalmente modulo erp validada necessidade treinamento usuarioschave alem disso revisao indicadores serao acompanhados informou processo cotacao linx decisao dependera percepcao valor proximas semanas,0,0,1
146,T0147,2026-07-20 00:00:00,Logística,Grande,Google Meet,Protheus,durante reuniao empresa setor logistica porte grande diretora financeira explicou utiliza principalmente modulo protheus apresentado status atual plano implantacao alem disso demonstrou interesse ampliar numero licencas usuarios citou oracle netsuite fez contato oferecendo pacote similar cliente espera melhoria perceptivel antes ampliar escopo,0,1,1
147,T0148,2026-06-11 00:00:00,Educação,Grande,Presencial,CRM,durante reuniao empresa setor educacao porte grande diretora financeira explicou utiliza principalmente modulo crm disse recebeu reclamacoes internas sobre qualidade suporte alem disso grupo revisou perfis acesso regras negocio tambem apareceu necessidade melhorar visibilidade indicadores diretoria time pediu acompanhamento quinzenal medir evolucao,1,0,0
148,T0149,2026-06-13 00:00:00,Serviços,Grande,Zoom,CRM,durante reuniao empresa setor servicos porte grande diretora financeira explicou utiliza principalmente modulo crm pediu proposta comercial modulo business intelligence alem disso cliente pediu documentacao tecnica complementar conversa reforcou necessidade padronizacao cadastro qualidade dados partes alinharam retorno ate duas semanas,0,1,0
149,T0150,2026-07-28 00:00:00,Serviços,Pequena,Teams,Fiscal,durante reuniao empresa setor servicos porte pequena gestor comentou utiliza principalmente modulo fiscal solicitou reuniao comercial tratar expansao escopo alem disso apresentado status atual plano implantacao existe expectativa ganho produtividade automacao fluxo aprovacao ficou combinado retornar plano acao nova demonstracao,0,1,0
150,T0151,2026-08-03 00:00:00,Saúde,Pequena,,Financeiro,durante reuniao empresa setor saude porte pequena analista financeiro pontuou utiliza principalmente modulo financeiro manifestou interesse expandir uso sistema outras unidades alem disso afirmou usuarios evitam usar algumas telas complexidade time tecnico reforcou importancia manter base dados atualizada partes alinharam retorno ate duas semanas time citou churn risco caso sla suporte nao melhore,1,1,0
151,T0152,2026-08-06 00:00:00,Construção,Grande,Google Meet,Manufatura,durante reuniao empresa setor construcao porte grande gerente projetos pontuou utiliza principalmente modulo manufatura revisao indicadores serao acompanhados alem disso solicitou reuniao comercial tratar expansao escopo ficou registrada necessidade revisar relatorios fiscais mensais sugerida prova conceito validar aderencia,0,1,0
152,T0153,2026-04-18 00:00:00,Construção,Média,Google Meet,Fiscal,durante reuniao empresa setor construcao porte media responsavel projeto destacou utiliza principalmente modulo fiscal feita retrospectiva entregas ultimo trimestre alem disso reuniao foco mapeamento processo atual lideranca quer evidencias quantitativas antes decidir expansao ficou definido followup proxima quinzena,0,0,0
153,T0154,2026-08-18 00:00:00,Serviços,Média,Google Meet,Financeiro,durante reuniao empresa setor servicos porte media analista financeiro pontuou utiliza principalmente modulo financeiro equipe alinhou cronograma nova rodada testes alem disso equipe validou escopo projeto proxima fase time interno considera importante acelerar adocao usuarios finais partes alinharam retorno ate duas semanas diretoria pediu visao consolidada indicadores especialmente receita margem inadimplencia,0,0,0
154,T0155,2026-05-09 00:00:00,Varejo,Pequena,Teams,Fiscal,durante reuniao empresa setor varejo porte pequena supervisor fiscal comentou utiliza principalmente modulo fiscal grupo revisou perfis acesso regras negocio alem disso validada necessidade treinamento usuarioschave conversa reforcou necessidade padronizacao cadastro qualidade dados ficou definido followup proxima quinzena diretoria pediu visao consolidada indicadores especialmente receita margem inadimplencia,0,0,0
155,T0156,2026-07-30 00:00:00,Construção,Média,,Manufatura,durante reuniao empresa setor construcao porte media diretor ti ressaltou utiliza principalmente modulo manufatura registrou atraso recorrente fechamento financeiro alem disso feita retrospectiva entregas ultimo trimestre relatou concorrente ofereceu condicoes comerciais vantajosas escopo partes alinharam retorno ate duas semanas,1,0,1
156,T0157,2026-08-17 00:00:00,Indústria,Grande,Zoom,Financeiro,durante reuniao empresa setor industria porte grande diretor ti ressaltou utiliza principalmente modulo financeiro cliente pediu documentacao tecnica complementar alem disso apresentado status atual plano implantacao conversa reforcou necessidade padronizacao cadastro qualidade dados partes alinharam retorno ate duas semanas,0,0,0
157,T0158,2026-05-13 00:00:00,Construção,Pequena,Zoom,Fluig,durante reuniao empresa setor construcao porte pequena lider operacoes declarou utiliza principalmente modulo fluig reuniao foco mapeamento processo atual alem disso cliente pediu documentacao tecnica complementar mencionou salesforce entrou contato oferecendo modulo crm partes alinharam retorno ate duas semanas,0,0,1
158,T0159,2026-05-14 00:00:00,Educação,Pequena,,Manufatura,durante reuniao empresa setor educacao porte pequena supervisor fiscal comentou utiliza principalmente modulo manufatura apresentado status atual plano implantacao alem disso equipe alinhou cronograma nova rodada testes equipe destacou importancia documentar bem processos internos sugerida prova conceito validar aderencia,0,0,0
159,T0160,2026-07-29 00:00:00,Construção,Grande,,BI,durante reuniao empresa setor construcao porte grande diretora financeira explicou utiliza principalmente modulo bi revisao indicadores serao acompanhados alem disso grupo revisou perfis acesso regras negocio area negocio pediu alertas automaticos acompanhar desvios criticos decisao dependera percepcao valor proximas semanas,0,0,0
160,T0161,2026-04-28 00:00:00,Distribuição,Média,,Fluig,durante reuniao empresa setor distribuicao porte media supervisor fiscal comentou utiliza principalmente modulo fluig declarou diretoria avalia suspender uso sistema alem disso time revisou relatorios operacionais ultimo mes existe expectativa ganho produtividade automacao fluxo aprovacao partes alinharam retorno ate duas semanas,1,0,0
161,T0162,2026-04-13 00:00:00,Agronegócio,Grande,Presencial,ERP,durante reuniao empresa setor agronegocio porte grande lider operacoes declarou utiliza principalmente modulo erp alinhamento sobre proximos marcos cronograma alem disso equipe alinhou cronograma nova rodada testes time interno considera importante acelerar adocao usuarios finais ficou combinado retornar plano acao nova demonstracao,0,0,0
162,T0163,2026-05-06 00:00:00,Saúde,Grande,Zoom,ERP,durante reuniao empresa setor saude porte grande lider operacoes declarou utiliza principalmente modulo erp revisao indicadores serao acompanhados alem disso reuniao foco mapeamento processo atual cliente quer reduzir trabalho manual centralizar dados unica plataforma proxima etapa sera consolidar requisitos priorizar entregas,0,0,0
163,T0164,2026-08-17 00:00:00,Logística,Grande,,ERP,durante reuniao empresa setor logistica porte grande gerente projetos pontuou utiliza principalmente modulo erp afirmou usuarios evitam usar algumas telas complexidade alem disso perguntou sobre possibilidade contratar modulo rh citou oracle netsuite fez contato oferecendo pacote similar time pediu acompanhamento quinzenal medir evolucao,1,1,1
164,T0165,2026-05-28 00:00:00,Serviços,Grande,Google Meet,Analytics,durante reuniao empresa setor servicos porte grande lider operacoes declarou utiliza principalmente modulo analytics demonstrou interesse conhecer modulo manufatura alem disso reuniao foco mapeamento processo atual time tecnico reforcou importancia manter base dados atualizada proxima etapa sera consolidar requisitos priorizar entregas,0,1,0
165,T0166,2026-07-05 00:00:00,Saúde,Grande,Teams,CRM,durante reuniao empresa setor saude porte grande equipe comercial observou utiliza principalmente modulo crm equipe validou escopo projeto proxima fase alem disso discutidos responsaveis prazos proximos passos equipe destacou importancia documentar bem processos internos ficou combinado retornar plano acao nova demonstracao,0,0,0
166,T0167,2026-07-14 00:00:00,Saúde,Pequena,Zoom,Protheus,durante reuniao empresa setor saude porte pequena responsavel projeto destacou utiliza principalmente modulo protheus validada necessidade treinamento usuarioschave alem disso revisao indicadores serao acompanhados time interno considera importante acelerar adocao usuarios finais sugerida prova conceito validar aderencia,0,0,0
167,T0168,2026-08-17 00:00:00,Serviços,Grande,Teams,Manufatura,durante reuniao empresa setor servicos porte grande diretor ti ressaltou utiliza principalmente modulo manufatura relatou lentidao horarios pico alem disso feita retrospectiva entregas ultimo trimestre equipe destacou importancia documentar bem processos internos partes alinharam retorno ate duas semanas,1,0,0
168,T0169,2026-07-23 00:00:00,Distribuição,Média,Zoom,Fluig,durante reuniao empresa setor distribuicao porte media coordenador operacoes disse utiliza principalmente modulo fluig informou confianca equipe sistema caiu ultimos meses alem disso reuniao foco mapeamento processo atual citou oracle netsuite fez contato oferecendo pacote similar ficou combinado retornar plano acao nova demonstracao,1,0,1
169,T0170,2026-05-25 00:00:00,Agronegócio,Pequena,Zoom,Fluig,durante reuniao empresa setor agronegocio porte pequena gerente rh informou utiliza principalmente modulo fluig alinhamento sobre proximos marcos cronograma alem disso demonstrou abertura piloto dashboard gerencial cliente mencionou avaliando proposta comercial sap ficou combinado retornar plano acao nova demonstracao,0,0,1
170,T0171,2026-04-01 00:00:00,Construção,Pequena,Teams,Fiscal,durante reuniao empresa setor construcao porte pequena responsavel projeto destacou utiliza principalmente modulo fiscal validada necessidade treinamento usuarioschave alem disso pediu proposta automacao processos cliente quer reduzir trabalho manual centralizar dados unica plataforma cliente espera melhoria perceptivel antes ampliar escopo,0,1,0
171,T0172,2026-06-07 00:00:00,Indústria,Pequena,Presencial,Fiscal,durante reuniao empresa setor industria porte pequena diretora financeira explicou utiliza principalmente modulo fiscal time revisou relatorios operacionais ultimo mes alem disso validada necessidade treinamento usuarioschave comentou diretoria pediu benchmark totvs outros fornecedores mercado time pediu acompanhamento quinzenal medir evolucao,0,0,1
172,T0173,2026-04-12 00:00:00,Tecnologia,Média,Presencial,Protheus,durante reuniao empresa setor tecnologia porte media equipe comercial observou utiliza principalmente modulo protheus disse recebeu reclamacoes internas sobre qualidade suporte alem disso feita retrospectiva entregas ultimo trimestre area negocio pediu alertas automaticos acompanhar desvios criticos proxima etapa sera consolidar requisitos priorizar entregas,1,0,0
173,T0174,2026-05-08 00:00:00,Saúde,Pequena,Google Meet,RH,durante reuniao empresa setor saude porte pequena diretor ti ressaltou utiliza principalmente modulo rh pediu proposta comercial modulo business intelligence alem disso listadas pendencias proxima sprint comentou diretoria pediu benchmark totvs outros fornecedores mercado partes alinharam retorno ate duas semanas diretoria pediu visao consolidada indicadores especialmente receita margem inadimplencia,0,1,1
174,T0175,2026-08-20 00:00:00,Distribuição,Média,Presencial,Financeiro,durante reuniao empresa setor distribuicao porte media analista ti afirmou utiliza principalmente modulo financeiro mencionou contrato perto vencimento previsao renovacao alem disso feita retrospectiva entregas ultimo trimestre area negocio pediu alertas automaticos acompanhar desvios criticos partes alinharam retorno ate duas semanas,1,0,0
175,T0176,2026-05-10 00:00:00,Varejo,Pequena,Zoom,Analytics,durante reuniao empresa setor varejo porte pequena diretora financeira explicou utiliza principalmente modulo analytics afirmou ja perdeu produtividade causa falhas recentes alem disso quer integrar crm erp ainda neste semestre comentou recebeu cotacao senior sistemas condicoes atrativas cliente espera melhoria perceptivel antes ampliar escopo,1,1,1
176,T0177,2026-06-30 00:00:00,Serviços,Grande,Zoom,ERP,durante reuniao empresa setor servicos porte grande supervisor fiscal comentou utiliza principalmente modulo erp grupo revisou perfis acesso regras negocio alem disso manifestou interesse expandir uso sistema outras unidades relatou concorrente ofereceu condicoes comerciais vantajosas escopo ficou combinado retornar plano acao nova demonstracao,0,1,1
177,T0178,2026-07-04 00:00:00,Saúde,Média,,Financeiro,durante reuniao empresa setor saude porte media lider operacoes declarou utiliza principalmente modulo financeiro discutidos responsaveis prazos proximos passos alem disso listadas pendencias proxima sprint equipe destacou importancia documentar bem processos internos decisao dependera percepcao valor proximas semanas diretoria pediu visao consolidada indicadores especialmente receita margem inadimplencia,0,0,0
178,T0179,2026-04-02 00:00:00,Educação,Pequena,,Manufatura,durante reuniao empresa setor educacao porte pequena diretora financeira explicou utiliza principalmente modulo manufatura time revisou relatorios operacionais ultimo mes alem disso avaliando contratar modulo analytics conversa reforcou necessidade padronizacao cadastro qualidade dados ficou combinado retornar plano acao nova demonstracao,0,1,0
179,T0180,2026-06-23 00:00:00,Agronegócio,Grande,Zoom,Protheus,durante reuniao empresa setor agronegocio porte grande cliente relatou utiliza principalmente modulo protheus alinhamento sobre proximos marcos cronograma alem disso pediu proposta automacao processos cliente mencionou avaliando proposta comercial sap decisao dependera percepcao valor proximas semanas,0,1,1
180,T0181,2026-05-26 00:00:00,Tecnologia,Pequena,Google Meet,Manufatura,durante reuniao empresa setor tecnologia porte pequena diretora financeira explicou utiliza principalmente modulo manufatura cliente pediu documentacao tecnica complementar alem disso apresentado status atual plano implantacao time tecnico reforcou importancia manter base dados atualizada decisao dependera percepcao valor proximas semanas diretoria pediu visao consolidada indicadores especialmente receita margem inadimplencia,0,0,0
181,T0182,2026-05-25 00:00:00,Educação,Média,Google Meet,Fluig,durante reuniao empresa setor educacao porte media diretora financeira explicou utiliza principalmente modulo fluig sinalizou possibilidade upgrade contrato alem disso revisao indicadores serao acompanhados comentou recebeu cotacao senior sistemas condicoes atrativas sugerida prova conceito validar aderencia,0,1,1
182,T0183,2026-06-30 00:00:00,Saúde,Média,Zoom,Manufatura,durante reuniao empresa setor saude porte media equipe comercial observou utiliza principalmente modulo manufatura revisao indicadores serao acompanhados alem disso validada necessidade treinamento usuarioschave equipe destacou importancia documentar bem processos internos partes alinharam retorno ate duas semanas,0,0,0
183,T0184,2026-04-06 00:00:00,Logística,Pequena,,CRM,durante reuniao empresa setor logistica porte pequena gerente projetos pontuou utiliza principalmente modulo crm avaliou contratar consultoria adicional acelerar implantacao alem disso validada necessidade treinamento usuarioschave cliente mencionou avaliando proposta comercial sap ficou combinado retornar plano acao nova demonstracao,0,1,1
184,T0185,2026-06-26 00:00:00,Distribuição,Média,Teams,Analytics,durante reuniao empresa setor distribuicao porte media coordenador operacoes disse utiliza principalmente modulo analytics relatou lentidao horarios pico alem disso solicitou apresentacao funcionalidades avancadas bi tambem apareceu necessidade melhorar visibilidade indicadores diretoria sugerida prova conceito validar aderencia,1,1,0
185,T0186,2026-04-20 00:00:00,Educação,Grande,Presencial,CRM,durante reuniao empresa setor educacao porte grande lider operacoes declarou utiliza principalmente modulo crm comentou equipe pouco engajada continuar usando ferramenta alem disso pediu proposta comercial modulo business intelligence cliente quer reduzir trabalho manual centralizar dados unica plataforma ficou definido followup proxima quinzena ha interesse poc analytics budget ainda depende aprovacao,1,1,0
186,T0187,2026-06-30 00:00:00,Tecnologia,Pequena,Google Meet,CRM,durante reuniao empresa setor tecnologia porte pequena time atendimento apontou utiliza principalmente modulo crm reuniao foco mapeamento processo atual alem disso feita retrospectiva entregas ultimo trimestre lideranca quer evidencias quantitativas antes decidir expansao proxima etapa sera consolidar requisitos priorizar entregas,0,0,0
187,T0188,2026-07-08 00:00:00,Varejo,Grande,,Protheus,durante reuniao empresa setor varejo porte grande time atendimento apontou utiliza principalmente modulo protheus solicitou apresentacao funcionalidades avancadas bi alem disso grupo revisou perfis acesso regras negocio time tecnico reforcou importancia manter base dados atualizada sugerida prova conceito validar aderencia,0,1,0
188,T0189,2026-04-22 00:00:00,Tecnologia,Grande,Teams,Protheus,durante reuniao empresa setor tecnologia porte grande gerente rh informou utiliza principalmente modulo protheus time revisou relatorios operacionais ultimo mes alem disso revisao indicadores serao acompanhados time tecnico reforcou importancia manter base dados atualizada sugerida prova conceito validar aderencia,0,0,0
189,T0190,2026-04-14 00:00:00,Logística,Pequena,Google Meet,Analytics,durante reuniao empresa setor logistica porte pequena coordenador operacoes disse utiliza principalmente modulo analytics demonstrou interesse conhecer modulo manufatura alem disso cliente pediu documentacao tecnica complementar equipe destacou importancia documentar bem processos internos sugerida prova conceito validar aderencia,0,1,0
190,T0191,2026-07-10 00:00:00,Educação,Grande,Zoom,ERP,durante reuniao empresa setor educacao porte grande coordenador operacoes disse utiliza principalmente modulo erp demonstrou interesse conhecer modulo manufatura alem disso apresentado status atual plano implantacao cliente quer reduzir trabalho manual centralizar dados unica plataforma proxima etapa sera consolidar requisitos priorizar entregas,0,1,0
191,T0192,2026-05-17 00:00:00,Distribuição,Média,Presencial,Financeiro,durante reuniao empresa setor distribuicao porte media gerente rh informou utiliza principalmente modulo financeiro demonstrou abertura piloto dashboard gerencial alem disso avaliando contratar modulo analytics lideranca quer evidencias quantitativas antes decidir expansao proxima etapa sera consolidar requisitos priorizar entregas,0,1,0
192,T0193,2026-06-26 00:00:00,Agronegócio,Pequena,,Manufatura,durante reuniao empresa setor agronegocio porte pequena cliente relatou utiliza principalmente modulo manufatura feita retrospectiva entregas ultimo trimestre alem disso demonstrou abertura piloto dashboard gerencial ficou registrada necessidade revisar relatorios fiscais mensais cliente espera melhoria perceptivel antes ampliar escopo,0,0,0
193,T0194,2026-06-12 00:00:00,Varejo,Pequena,,Financeiro,durante reuniao empresa setor varejo porte pequena responsavel projeto destacou utiliza principalmente modulo financeiro feita retrospectiva entregas ultimo trimestre alem disso solicitou reuniao comercial tratar expansao escopo tambem apareceu necessidade melhorar visibilidade indicadores diretoria ficou definido followup proxima quinzena,0,1,0
194,T0195,2026-05-12 00:00:00,Distribuição,Grande,Teams,ERP,durante reuniao empresa setor distribuicao porte grande equipe comercial observou utiliza principalmente modulo erp avaliou contratar consultoria adicional acelerar implantacao alem disso disse recebeu reclamacoes internas sobre qualidade suporte time tecnico reforcou importancia manter base dados atualizada proxima etapa sera consolidar requisitos priorizar entregas,1,1,0
195,T0196,2026-05-08 00:00:00,Serviços,Pequena,Teams,CRM,durante reuniao empresa setor servicos porte pequena head tecnologia ressaltou utiliza principalmente modulo crm avaliou contratar consultoria adicional acelerar implantacao alem disso reuniao foco mapeamento processo atual existe expectativa ganho produtividade automacao fluxo aprovacao partes alinharam retorno ate duas semanas,0,1,0
196,T0197,2026-04-08 00:00:00,Logística,Pequena,Google Meet,BI,durante reuniao empresa setor logistica porte pequena cliente relatou utiliza principalmente modulo bi citou insatisfacao suporte ultimo mes alem disso cliente pediu documentacao tecnica complementar cliente quer reduzir trabalho manual centralizar dados unica plataforma ficou definido followup proxima quinzena,1,0,0
197,T0198,2026-05-09 00:00:00,Tecnologia,Grande,,Fiscal,durante reuniao empresa setor tecnologia porte grande analista ti afirmou utiliza principalmente modulo fiscal manifestou interesse expandir uso sistema outras unidades alem disso relatou lentidao horarios pico citou oracle netsuite fez contato oferecendo pacote similar proxima etapa sera consolidar requisitos priorizar entregas ha interesse poc analytics budget ainda depende aprovacao,1,1,1
198,T0199,2026-08-06 00:00:00,Agronegócio,Grande,Zoom,Fiscal,durante reuniao empresa setor agronegocio porte grande supervisor fiscal comentou utiliza principalmente modulo fiscal time revisou relatorios operacionais ultimo mes alem disso equipe alinhou cronograma nova rodada testes citou oracle netsuite fez contato oferecendo pacote similar partes alinharam retorno ate duas semanas diretoria pediu visao consolidada indicadores especialmente receita margem inadimplencia,0,0,1
199,T0200,2026-04-22 00:00:00,Tecnologia,Média,Zoom,Fiscal,durante reuniao empresa setor tecnologia porte media coordenador operacoes disse utiliza principalmente modulo fiscal relatou time cogita buscar alternativas mercado alem disso sinalizou possibilidade upgrade contrato ficou registrada necessidade revisar relatorios fiscais mensais cliente espera melhoria perceptivel antes ampliar escopo,1,1,0
200,T0201,2026-04-18 00:00:00,Logística,Pequena,Zoom,RH,durante reuniao empresa setor logistica porte pequena analista financeiro pontuou utiliza principalmente modulo rh demonstrou abertura piloto dashboard gerencial alem disso pediu proposta comercial modulo business intelligence mencionou salesforce entrou contato oferecendo modulo crm time pediu acompanhamento quinzenal medir evolucao,0,1,1
201,T0202,2026-08-01 00:00:00,Educação,Pequena,Zoom,CRM,durante reuniao empresa setor educacao porte pequena equipe comercial observou utiliza principalmente modulo crm equipe alinhou cronograma nova rodada testes alem disso declarou diretoria avalia suspender uso sistema time interno considera importante acelerar adocao usuarios finais cliente espera melhoria perceptivel antes ampliar escopo,1,0,0
202,T0203,2026-07-31 00:00:00,Construção,Pequena,Teams,ERP,durante reuniao empresa setor construcao porte pequena gestor comentou utiliza principalmente modulo erp citou insatisfacao suporte ultimo mes alem disso pediu proposta comercial modulo business intelligence conversa reforcou necessidade padronizacao cadastro qualidade dados time pediu acompanhamento quinzenal medir evolucao,1,1,0
203,T0204,2026-06-26 00:00:00,Educação,Média,Presencial,Fluig,durante reuniao empresa setor educacao porte media head tecnologia ressaltou utiliza principalmente modulo fluig cliente pediu documentacao tecnica complementar alem disso relatou time cogita buscar alternativas mercado area negocio pediu alertas automaticos acompanhar desvios criticos proxima etapa sera consolidar requisitos priorizar entregas,1,0,0
204,T0205,2026-04-27 00:00:00,Saúde,Média,Google Meet,ERP,durante reuniao empresa setor saude porte media time atendimento apontou utiliza principalmente modulo erp sinalizou disposicao investir novo modulo ainda ano alem disso demonstrou abertura piloto dashboard gerencial mencionou salesforce entrou contato oferecendo modulo crm ficou definido followup proxima quinzena obs: mencao dashboard tempo real necessidade integracao via api,0,1,1
205,T0206,2026-04-15 00:00:00,Saúde,Grande,Presencial,Fluig,durante reuniao empresa setor saude porte grande coordenador operacoes disse utiliza principalmente modulo fluig time revisou relatorios operacionais ultimo mes alem disso alinhamento sobre proximos marcos cronograma existe expectativa ganho produtividade automacao fluxo aprovacao sugerida prova conceito validar aderencia,0,0,0
206,T0207,2026-05-31 00:00:00,Logística,Média,Presencial,RH,durante reuniao empresa setor logistica porte media equipe comercial observou utiliza principalmente modulo rh equipe validou escopo projeto proxima fase alem disso demonstrou abertura piloto dashboard gerencial mencionou salesforce entrou contato oferecendo modulo crm time pediu acompanhamento quinzenal medir evolucao,0,0,1
207,T0208,2026-06-20 00:00:00,Construção,Pequena,Zoom,Protheus,durante reuniao empresa setor construcao porte pequena analista financeiro pontuou utiliza principalmente modulo protheus afirmou usuarios evitam usar algumas telas complexidade alem disso solicitou reuniao comercial tratar expansao escopo time tecnico reforcou importancia manter base dados atualizada proxima etapa sera consolidar requisitos priorizar entregas,1,1,0
208,T0209,2026-06-13 00:00:00,Varejo,Pequena,Zoom,BI,durante reuniao empresa setor varejo porte pequena gerente projetos pontuou utiliza principalmente modulo bi revisao indicadores serao acompanhados alem disso registrou atraso recorrente fechamento financeiro ficou registrada necessidade revisar relatorios fiscais mensais proxima etapa sera consolidar requisitos priorizar entregas,1,0,0
209,T0210,2026-04-17 00:00:00,Tecnologia,Grande,Google Meet,ERP,durante reuniao empresa setor tecnologia porte grande gerente projetos pontuou utiliza principalmente modulo erp time revisou relatorios operacionais ultimo mes alem disso demonstrou abertura piloto dashboard gerencial tambem apareceu necessidade melhorar visibilidade indicadores diretoria ficou combinado retornar plano acao nova demonstracao,0,0,0
210,T0211,2026-04-07 00:00:00,Logística,Grande,,Fluig,durante reuniao empresa setor logistica porte grande time atendimento apontou utiliza principalmente modulo fluig avaliando contratar modulo analytics alem disso mencionou nivel servico abaixo combinado contrato conversa reforcou necessidade padronizacao cadastro qualidade dados decisao dependera percepcao valor proximas semanas,1,1,0
211,T0212,2026-07-14 00:00:00,Agronegócio,Pequena,Teams,Fluig,durante reuniao empresa setor agronegocio porte pequena diretor ti ressaltou utiliza principalmente modulo fluig validada necessidade treinamento usuarioschave alem disso revisao indicadores serao acompanhados time tecnico reforcou importancia manter base dados atualizada time pediu acompanhamento quinzenal medir evolucao,0,0,0
212,T0213,2026-05-04 00:00:00,Serviços,Grande,Zoom,Analytics,durante reuniao empresa setor servicos porte grande coordenador operacoes disse utiliza principalmente modulo analytics cliente pediu documentacao tecnica complementar alem disso demonstrou abertura piloto dashboard gerencial cliente quer reduzir trabalho manual centralizar dados unica plataforma time pediu acompanhamento quinzenal medir evolucao,0,0,0
213,T0214,2026-06-12 00:00:00,Saúde,Média,Teams,Fiscal,durante reuniao empresa setor saude porte media responsavel projeto destacou utiliza principalmente modulo fiscal reclamou falhas integracao sistemas alem disso apresentado status atual plano implantacao equipe destacou importancia documentar bem processos internos proxima etapa sera consolidar requisitos priorizar entregas,1,0,0
214,T0215,2026-06-26 00:00:00,Agronegócio,Pequena,Zoom,Analytics,durante reuniao empresa setor agronegocio porte pequena equipe comercial observou utiliza principalmente modulo analytics apresentado status atual plano implantacao alem disso relatou frustracao tempo resposta suporte tecnico informou processo cotacao linx cliente espera melhoria perceptivel antes ampliar escopo,1,0,1
215,T0216,2026-08-02 00:00:00,Distribuição,Grande,Presencial,ERP,durante reuniao empresa setor distribuicao porte grande time atendimento apontou utiliza principalmente modulo erp time revisou relatorios operacionais ultimo mes alem disso mostrou interesse modulo fiscal relatorios inteligentes cliente quer reduzir trabalho manual centralizar dados unica plataforma ficou definido followup proxima quinzena,0,1,0
216,T0217,2026-06-21 00:00:00,Logística,Média,Teams,Fluig,durante reuniao empresa setor logistica porte media coordenador operacoes disse utiliza principalmente modulo fluig grupo revisou perfis acesso regras negocio alem disso quer integrar crm erp ainda neste semestre comentou diretoria pediu benchmark totvs outros fornecedores mercado proxima etapa sera consolidar requisitos priorizar entregas,0,1,1
217,T0218,2026-07-08 00:00:00,Agronegócio,Média,Teams,BI,durante reuniao empresa setor agronegocio porte media gerente projetos pontuou utiliza principalmente modulo bi pediu proposta comercial modulo business intelligence alem disso mencionou contrato perto vencimento previsao renovacao comentou recebeu cotacao senior sistemas condicoes atrativas ficou definido followup proxima quinzena,1,1,1
218,T0219,2026-04-24 00:00:00,Serviços,Grande,Presencial,Financeiro,durante reuniao empresa setor servicos porte grande gerente rh informou utiliza principalmente modulo financeiro grupo revisou perfis acesso regras negocio alem disso equipe validou escopo projeto proxima fase existe expectativa ganho produtividade automacao fluxo aprovacao decisao dependera percepcao valor proximas semanas,0,0,0
219,T0220,2026-08-16 00:00:00,Indústria,Pequena,Presencial,BI,durante reuniao empresa setor industria porte pequena head tecnologia ressaltou utiliza principalmente modulo bi cliente pediu documentacao tecnica complementar alem disso time revisou relatorios operacionais ultimo mes area negocio pediu alertas automaticos acompanhar desvios criticos time pediu acompanhamento quinzenal medir evolucao diretoria pediu visao consolidada indicadores especialmente receita margem inadimplencia,0,0,0
220,T0221,2026-04-19 00:00:00,Serviços,Grande,Presencial,Fiscal,durante reuniao empresa setor servicos porte grande responsavel projeto destacou utiliza principalmente modulo fiscal demonstrou abertura piloto dashboard gerencial alem disso quer integrar crm erp ainda neste semestre area negocio pediu alertas automaticos acompanhar desvios criticos time pediu acompanhamento quinzenal medir evolucao,0,1,0
221,T0222,2026-05-21 00:00:00,Agronegócio,Grande,Presencial,Fiscal,durante reuniao empresa setor agronegocio porte grande equipe comercial observou utiliza principalmente modulo fiscal reuniao foco mapeamento processo atual alem disso citou insatisfacao suporte ultimo mes tambem apareceu necessidade melhorar visibilidade indicadores diretoria ficou definido followup proxima quinzena,1,0,0
222,T0223,2026-06-21 00:00:00,Educação,Média,,ERP,durante reuniao empresa setor educacao porte media supervisor fiscal comentou utiliza principalmente modulo erp mencionou contrato perto vencimento previsao renovacao alem disso discutidos responsaveis prazos proximos passos citou oracle netsuite fez contato oferecendo pacote similar ficou definido followup proxima quinzena,1,0,1
223,T0224,2026-06-18 00:00:00,Indústria,Grande,Presencial,ERP,durante reuniao empresa setor industria porte grande diretor ti ressaltou utiliza principalmente modulo erp time revisou relatorios operacionais ultimo mes alem disso comentou diretoria questiona valor entregue equipe destacou importancia documentar bem processos internos ficou definido followup proxima quinzena,1,0,0
224,T0225,2026-05-08 00:00:00,Distribuição,Pequena,,Analytics,durante reuniao empresa setor distribuicao porte pequena gerente rh informou utiliza principalmente modulo analytics reuniao foco mapeamento processo atual alem disso revisao indicadores serao acompanhados area negocio pediu alertas automaticos acompanhar desvios criticos sugerida prova conceito validar aderencia,0,0,0
225,T0226,2026-07-30 00:00:00,Indústria,Grande,Teams,Fiscal,durante reuniao empresa setor industria porte grande gerente rh informou utiliza principalmente modulo fiscal mencionou nivel servico abaixo combinado contrato alem disso grupo revisou perfis acesso regras negocio time tecnico reforcou importancia manter base dados atualizada partes alinharam retorno ate duas semanas,1,0,0
226,T0227,2026-06-30 00:00:00,Construção,Grande,Presencial,Financeiro,durante reuniao empresa setor construcao porte grande gerente rh informou utiliza principalmente modulo financeiro relatou frustracao tempo resposta suporte tecnico alem disso discutidos responsaveis prazos proximos passos time interno considera importante acelerar adocao usuarios finais decisao dependera percepcao valor proximas semanas,1,0,0
227,T0228,2026-08-01 00:00:00,Logística,Grande,Google Meet,ERP,durante reuniao empresa setor logistica porte grande diretora financeira explicou utiliza principalmente modulo erp equipe validou escopo projeto proxima fase alem disso apresentado status atual plano implantacao area negocio pediu alertas automaticos acompanhar desvios criticos time pediu acompanhamento quinzenal medir evolucao,0,0,0
228,T0229,2026-04-21 00:00:00,Logística,Média,Google Meet,CRM,durante reuniao empresa setor logistica porte media gerente rh informou utiliza principalmente modulo crm solicitou apresentacao funcionalidades avancadas bi alem disso feita retrospectiva entregas ultimo trimestre relatou concorrente ofereceu condicoes comerciais vantajosas escopo decisao dependera percepcao valor proximas semanas,0,1,1
229,T0230,2026-08-14 00:00:00,Distribuição,Grande,Teams,Protheus,durante reuniao empresa setor distribuicao porte grande diretora financeira explicou utiliza principalmente modulo protheus listadas pendencias proxima sprint alem disso grupo revisou perfis acesso regras negocio cliente mencionou avaliando proposta comercial sap sugerida prova conceito validar aderencia diretoria pediu visao consolidada indicadores especialmente receita margem inadimplencia,0,0,1
230,T0231,2026-08-01 00:00:00,Distribuição,Média,Google Meet,ERP,durante reuniao empresa setor distribuicao porte media diretor ti ressaltou utiliza principalmente modulo erp alinhamento sobre proximos marcos cronograma alem disso citou insatisfacao suporte ultimo mes equipe destacou importancia documentar bem processos internos ficou combinado retornar plano acao nova demonstracao,1,0,0
231,T0232,2026-05-15 00:00:00,Serviços,Pequena,Zoom,Manufatura,durante reuniao empresa setor servicos porte pequena lider operacoes declarou utiliza principalmente modulo manufatura revisao indicadores serao acompanhados alem disso demonstrou abertura piloto dashboard gerencial existe expectativa ganho produtividade automacao fluxo aprovacao cliente espera melhoria perceptivel antes ampliar escopo,0,0,0
232,T0233,2026-07-26 00:00:00,Tecnologia,Grande,Presencial,BI,durante reuniao empresa setor tecnologia porte grande gerente projetos pontuou utiliza principalmente modulo bi discutidos responsaveis prazos proximos passos alem disso revisao indicadores serao acompanhados time interno considera importante acelerar adocao usuarios finais proxima etapa sera consolidar requisitos priorizar entregas,0,0,0
233,T0234,2026-04-04 00:00:00,Logística,Média,,Financeiro,durante reuniao empresa setor logistica porte media cliente relatou utiliza principalmente modulo financeiro equipe validou escopo projeto proxima fase alem disso apresentado status atual plano implantacao area negocio pediu alertas automaticos acompanhar desvios criticos time pediu acompanhamento quinzenal medir evolucao diretoria pediu visao consolidada indicadores especialmente receita margem inadimplencia,0,0,0
234,T0235,2026-06-03 00:00:00,Indústria,Média,Presencial,Financeiro,durante reuniao empresa setor industria porte media time atendimento apontou utiliza principalmente modulo financeiro relatou frustracao tempo resposta suporte tecnico alem disso pediu proposta comercial modulo business intelligence equipe destacou importancia documentar bem processos internos cliente espera melhoria perceptivel antes ampliar escopo,1,1,0
235,T0236,2026-07-29 00:00:00,Construção,Pequena,Presencial,Fiscal,durante reuniao empresa setor construcao porte pequena head tecnologia ressaltou utiliza principalmente modulo fiscal declarou diretoria avalia suspender uso sistema alem disso quer integrar crm erp ainda neste semestre tambem apareceu necessidade melhorar visibilidade indicadores diretoria ficou combinado retornar plano acao nova demonstracao,1,1,0
236,T0237,2026-07-05 00:00:00,Serviços,Grande,,CRM,durante reuniao empresa setor servicos porte grande lider operacoes declarou utiliza principalmente modulo crm solicitou apresentacao funcionalidades avancadas bi alem disso mencionou nivel servico abaixo combinado contrato equipe destacou importancia documentar bem processos internos proxima etapa sera consolidar requisitos priorizar entregas,1,1,0
237,T0238,2026-04-29 00:00:00,Indústria,Grande,,Financeiro,durante reuniao empresa setor industria porte grande supervisor fiscal comentou utiliza principalmente modulo financeiro avaliando contratar modulo analytics alem disso demonstrou abertura piloto dashboard gerencial time tecnico reforcou importancia manter base dados atualizada ficou definido followup proxima quinzena ha interesse poc analytics budget ainda depende aprovacao,0,1,0
238,T0239,2026-07-24 00:00:00,Indústria,Média,Teams,Fiscal,durante reuniao empresa setor industria porte media analista ti afirmou utiliza principalmente modulo fiscal equipe validou escopo projeto proxima fase alem disso revisao indicadores serao acompanhados time tecnico reforcou importancia manter base dados atualizada ficou definido followup proxima quinzena,0,0,0
239,T0240,2026-04-01 00:00:00,Distribuição,Grande,Zoom,Protheus,durante reuniao empresa setor distribuicao porte grande analista ti afirmou utiliza principalmente modulo protheus mostrou interesse modulo fiscal relatorios inteligentes alem disso informou confianca equipe sistema caiu ultimos meses cliente mencionou avaliando proposta comercial sap ficou definido followup proxima quinzena ha interesse poc analytics budget ainda depende aprovacao,1,1,1
240,T0241,2026-07-17 00:00:00,Logística,Média,Presencial,Manufatura,durante reuniao empresa setor logistica porte media analista ti afirmou utiliza principalmente modulo manufatura registrou atraso recorrente fechamento financeiro alem disso avaliando contratar modulo analytics conversa reforcou necessidade padronizacao cadastro qualidade dados sugerida prova conceito validar aderencia,1,1,0
241,T0242,2026-04-01 00:00:00,Indústria,Média,Presencial,Fiscal,durante reuniao empresa setor industria porte media analista ti afirmou utiliza principalmente modulo fiscal demonstrou interesse conhecer modulo manufatura alem disso mencionou nivel servico abaixo combinado contrato time interno considera importante acelerar adocao usuarios finais ficou definido followup proxima quinzena,1,1,0
242,T0243,2026-04-29 00:00:00,Indústria,Grande,Presencial,RH,durante reuniao empresa setor industria porte grande lider operacoes declarou utiliza principalmente modulo rh equipe alinhou cronograma nova rodada testes alem disso mencionou risco cancelamento problema persistir conversa reforcou necessidade padronizacao cadastro qualidade dados proxima etapa sera consolidar requisitos priorizar entregas,1,0,0
243,T0244,2026-06-02 00:00:00,Indústria,Média,Presencial,Financeiro,durante reuniao empresa setor industria porte media coordenador operacoes disse utiliza principalmente modulo financeiro alinhamento sobre proximos marcos cronograma alem disso equipe alinhou cronograma nova rodada testes cliente quer reduzir trabalho manual centralizar dados unica plataforma decisao dependera percepcao valor proximas semanas,0,0,0
244,T0245,2026-06-22 00:00:00,Distribuição,Média,Teams,Fiscal,durante reuniao empresa setor distribuicao porte media gerente rh informou utiliza principalmente modulo fiscal listadas pendencias proxima sprint alem disso cliente pediu documentacao tecnica complementar existe expectativa ganho produtividade automacao fluxo aprovacao sugerida prova conceito validar aderencia,0,0,0
245,T0246,2026-07-07 00:00:00,Tecnologia,Média,Presencial,Manufatura,durante reuniao empresa setor tecnologia porte media cliente relatou utiliza principalmente modulo manufatura listadas pendencias proxima sprint alem disso cliente pediu documentacao tecnica complementar time tecnico reforcou importancia manter base dados atualizada ficou definido followup proxima quinzena,0,0,0
246,T0247,2026-07-28 00:00:00,Indústria,Grande,Presencial,Manufatura,durante reuniao empresa setor industria porte grande coordenador operacoes disse utiliza principalmente modulo manufatura relatou time cogita buscar alternativas mercado alem disso demonstrou abertura piloto dashboard gerencial revelou sankhya ofereceu desconto agressivo possivel migracao decisao dependera percepcao valor proximas semanas,1,0,1
247,T0248,2026-04-24 00:00:00,Tecnologia,Grande,Teams,Protheus,durante reuniao empresa setor tecnologia porte grande responsavel projeto destacou utiliza principalmente modulo protheus apresentado status atual plano implantacao alem disso listadas pendencias proxima sprint conversa reforcou necessidade padronizacao cadastro qualidade dados ficou combinado retornar plano acao nova demonstracao,0,0,0
248,T0249,2026-05-24 00:00:00,Logística,Média,Zoom,Financeiro,durante reuniao empresa setor logistica porte media head tecnologia ressaltou utiliza principalmente modulo financeiro time revisou relatorios operacionais ultimo mes alem disso equipe alinhou cronograma nova rodada testes comentou diretoria pediu benchmark totvs outros fornecedores mercado ficou combinado retornar plano acao nova demonstracao,0,0,1
249,T0250,2026-06-22 00:00:00,Construção,Média,Presencial,Fiscal,durante reuniao empresa setor construcao porte media diretor ti ressaltou utiliza principalmente modulo fiscal avaliou contratar consultoria adicional acelerar implantacao alem disso cliente pediu documentacao tecnica complementar mencionou salesforce entrou contato oferecendo modulo crm ficou definido followup proxima quinzena,0,1,1
250,T0251,2026-06-21 00:00:00,Distribuição,Média,Google Meet,Manufatura,durante reuniao empresa setor distribuicao porte media equipe comercial observou utiliza principalmente modulo manufatura equipe alinhou cronograma nova rodada testes alem disso equipe validou escopo projeto proxima fase existe expectativa ganho produtividade automacao fluxo aprovacao decisao dependera percepcao valor proximas semanas,0,0,0
251,T0252,2026-05-21 00:00:00,Logística,Pequena,Presencial,RH,durante reuniao empresa setor logistica porte pequena gerente projetos pontuou utiliza principalmente modulo rh equipe alinhou cronograma nova rodada testes alem disso revisao indicadores serao acompanhados citou oracle netsuite fez contato oferecendo pacote similar ficou definido followup proxima quinzena,0,0,1
252,T0253,2026-06-30 00:00:00,Educação,Pequena,,CRM,durante reuniao empresa setor educacao porte pequena cliente relatou utiliza principalmente modulo crm apresentado status atual plano implantacao alem disso discutidos responsaveis prazos proximos passos relatou concorrente ofereceu condicoes comerciais vantajosas escopo cliente espera melhoria perceptivel antes ampliar escopo,0,0,1
253,T0254,2026-04-02 00:00:00,Serviços,Pequena,Teams,Analytics,durante reuniao empresa setor servicos porte pequena analista financeiro pontuou utiliza principalmente modulo analytics reuniao foco mapeamento processo atual alem disso reclamou falhas integracao sistemas relatou concorrente ofereceu condicoes comerciais vantajosas escopo ficou definido followup proxima quinzena,1,0,1
254,T0255,2026-08-02 00:00:00,Varejo,Pequena,Zoom,Fiscal,durante reuniao empresa setor varejo porte pequena coordenador operacoes disse utiliza principalmente modulo fiscal reuniao foco mapeamento processo atual alem disso listadas pendencias proxima sprint time tecnico reforcou importancia manter base dados atualizada decisao dependera percepcao valor proximas semanas,0,0,0
255,T0256,2026-07-20 00:00:00,Educação,Pequena,Zoom,Fiscal,durante reuniao empresa setor educacao porte pequena cliente relatou utiliza principalmente modulo fiscal comentou diretoria questiona valor entregue alem disso equipe alinhou cronograma nova rodada testes tambem apareceu necessidade melhorar visibilidade indicadores diretoria decisao dependera percepcao valor proximas semanas,1,0,0
256,T0257,2026-06-02 00:00:00,Distribuição,Média,Zoom,Protheus,durante reuniao empresa setor distribuicao porte media diretora financeira explicou utiliza principalmente modulo protheus relatou sistema apresentou instabilidade momento critico operacao alem disso listadas pendencias proxima sprint time tecnico reforcou importancia manter base dados atualizada ficou definido followup proxima quinzena time citou churn risco caso sla suporte nao melhore,1,0,0
257,T0258,2026-06-24 00:00:00,Agronegócio,Pequena,,Protheus,durante reuniao empresa setor agronegocio porte pequena gerente rh informou utiliza principalmente modulo protheus solicitou apresentacao funcionalidades avancadas bi alem disso feita retrospectiva entregas ultimo trimestre lideranca quer evidencias quantitativas antes decidir expansao cliente espera melhoria perceptivel antes ampliar escopo,0,1,0
258,T0259,2026-04-09 00:00:00,Educação,Média,Zoom,Financeiro,durante reuniao empresa setor educacao porte media supervisor fiscal comentou utiliza principalmente modulo financeiro avaliando contratar modulo analytics alem disso alinhamento sobre proximos marcos cronograma conversa reforcou necessidade padronizacao cadastro qualidade dados decisao dependera percepcao valor proximas semanas,0,1,0
259,T0260,2026-08-17 00:00:00,Logística,Média,Teams,Analytics,durante reuniao empresa setor logistica porte media coordenador operacoes disse utiliza principalmente modulo analytics reuniao foco mapeamento processo atual alem disso informou confianca equipe sistema caiu ultimos meses area negocio pediu alertas automaticos acompanhar desvios criticos ficou combinado retornar plano acao nova demonstracao,1,0,0
260,T0261,2026-07-11 00:00:00,Logística,Pequena,Google Meet,CRM,durante reuniao empresa setor logistica porte pequena time atendimento apontou utiliza principalmente modulo crm comentou diretoria questiona valor entregue alem disso grupo revisou perfis acesso regras negocio area negocio pediu alertas automaticos acompanhar desvios criticos sugerida prova conceito validar aderencia,1,0,0
261,T0262,2026-06-03 00:00:00,Saúde,Pequena,Google Meet,BI,durante reuniao empresa setor saude porte pequena analista ti afirmou utiliza principalmente modulo bi avaliando contratar modulo analytics alem disso time revisou relatorios operacionais ultimo mes tambem apareceu necessidade melhorar visibilidade indicadores diretoria time pediu acompanhamento quinzenal medir evolucao ha interesse poc analytics budget ainda depende aprovacao,0,1,0
262,T0263,2026-04-27 00:00:00,Educação,Pequena,Teams,Manufatura,durante reuniao empresa setor educacao porte pequena time atendimento apontou utiliza principalmente modulo manufatura discutidos responsaveis prazos proximos passos alem disso feita retrospectiva entregas ultimo trimestre conversa reforcou necessidade padronizacao cadastro qualidade dados cliente espera melhoria perceptivel antes ampliar escopo diretoria pediu visao consolidada indicadores especialmente receita margem inadimplencia,0,0,0
263,T0264,2026-04-04 00:00:00,Construção,Média,Presencial,Analytics,durante reuniao empresa setor construcao porte media analista financeiro pontuou utiliza principalmente modulo analytics equipe alinhou cronograma nova rodada testes alem disso discutidos responsaveis prazos proximos passos area negocio pediu alertas automaticos acompanhar desvios criticos sugerida prova conceito validar aderencia,0,0,0
264,T0265,2026-07-21 00:00:00,Construção,Média,Google Meet,CRM,durante reuniao empresa setor construcao porte media lider operacoes declarou utiliza principalmente modulo crm registrou atraso recorrente fechamento financeiro alem disso grupo revisou perfis acesso regras negocio revelou sankhya ofereceu desconto agressivo possivel migracao ficou definido followup proxima quinzena,1,0,1
265,T0266,2026-07-11 00:00:00,Logística,Grande,Presencial,Fluig,durante reuniao empresa setor logistica porte grande time atendimento apontou utiliza principalmente modulo fluig sinalizou disposicao investir novo modulo ainda ano alem disso mencionou contrato perto vencimento previsao renovacao citou oracle netsuite fez contato oferecendo pacote similar time pediu acompanhamento quinzenal medir evolucao,1,1,1
266,T0267,2026-07-11 00:00:00,Logística,Média,Presencial,RH,durante reuniao empresa setor logistica porte media lider operacoes declarou utiliza principalmente modulo rh equipe alinhou cronograma nova rodada testes alem disso grupo revisou perfis acesso regras negocio citou oracle netsuite fez contato oferecendo pacote similar partes alinharam retorno ate duas semanas,0,0,1
267,T0268,2026-05-17 00:00:00,Tecnologia,Pequena,Presencial,Financeiro,durante reuniao empresa setor tecnologia porte pequena time atendimento apontou utiliza principalmente modulo financeiro feita retrospectiva entregas ultimo trimestre alem disso manifestou interesse expandir uso sistema outras unidades area negocio pediu alertas automaticos acompanhar desvios criticos ficou definido followup proxima quinzena,0,1,0
268,T0269,2026-07-18 00:00:00,Serviços,Pequena,Presencial,RH,durante reuniao empresa setor servicos porte pequena time atendimento apontou utiliza principalmente modulo rh sinalizou disposicao investir novo modulo ainda ano alem disso relatou sistema apresentou instabilidade momento critico operacao mencionou salesforce entrou contato oferecendo modulo crm proxima etapa sera consolidar requisitos priorizar entregas usuarios disseram processo atual manual lento pouco confiavel,1,1,1
269,T0270,2026-04-12 00:00:00,Agronegócio,Grande,Presencial,Fluig,durante reuniao empresa setor agronegocio porte grande lider operacoes declarou utiliza principalmente modulo fluig validada necessidade treinamento usuarioschave alem disso sinalizou disposicao investir novo modulo ainda ano conversa reforcou necessidade padronizacao cadastro qualidade dados decisao dependera percepcao valor proximas semanas,0,1,0
270,T0271,2026-05-27 00:00:00,Varejo,Média,Presencial,CRM,durante reuniao empresa setor varejo porte media lider operacoes declarou utiliza principalmente modulo crm equipe validou escopo projeto proxima fase alem disso apresentado status atual plano implantacao tambem apareceu necessidade melhorar visibilidade indicadores diretoria cliente espera melhoria perceptivel antes ampliar escopo,0,0,0
271,T0272,2026-05-07 00:00:00,Logística,Média,Google Meet,CRM,durante reuniao empresa setor logistica porte media lider operacoes declarou utiliza principalmente modulo crm disse time sobrecarregado retrabalho alem disso discutidos responsaveis prazos proximos passos mencionou salesforce entrou contato oferecendo modulo crm ficou definido followup proxima quinzena diretoria pediu visao consolidada indicadores especialmente receita margem inadimplencia,1,0,1
272,T0273,2026-04-30 00:00:00,Indústria,Média,Zoom,BI,durante reuniao empresa setor industria porte media head tecnologia ressaltou utiliza principalmente modulo bi pediu proposta automacao processos alem disso comentou diretoria questiona valor entregue tambem apareceu necessidade melhorar visibilidade indicadores diretoria partes alinharam retorno ate duas semanas,1,1,0
273,T0274,2026-07-20 00:00:00,Serviços,Pequena,,Financeiro,durante reuniao empresa setor servicos porte pequena time atendimento apontou utiliza principalmente modulo financeiro demonstrou interesse conhecer modulo manufatura alem disso afirmou ja perdeu produtividade causa falhas recentes revelou sankhya ofereceu desconto agressivo possivel migracao ficou combinado retornar plano acao nova demonstracao,1,1,1
274,T0275,2026-08-16 00:00:00,Educação,Média,Google Meet,Financeiro,durante reuniao empresa setor educacao porte media time atendimento apontou utiliza principalmente modulo financeiro validada necessidade treinamento usuarioschave alem disso cliente pediu documentacao tecnica complementar time tecnico reforcou importancia manter base dados atualizada time pediu acompanhamento quinzenal medir evolucao,0,0,0
275,T0276,2026-07-27 00:00:00,Agronegócio,Pequena,Google Meet,RH,durante reuniao empresa setor agronegocio porte pequena supervisor fiscal comentou utiliza principalmente modulo rh apresentado status atual plano implantacao alem disso validada necessidade treinamento usuarioschave tambem apareceu necessidade melhorar visibilidade indicadores diretoria proxima etapa sera consolidar requisitos priorizar entregas,0,0,0
276,T0277,2026-07-09 00:00:00,Serviços,Grande,Teams,RH,durante reuniao empresa setor servicos porte grande analista ti afirmou utiliza principalmente modulo rh afirmou ja perdeu produtividade causa falhas recentes alem disso pediu proposta automacao processos relatou concorrente ofereceu condicoes comerciais vantajosas escopo sugerida prova conceito validar aderencia,1,1,1
277,T0278,2026-07-25 00:00:00,Agronegócio,Pequena,Google Meet,Protheus,durante reuniao empresa setor agronegocio porte pequena time atendimento apontou utiliza principalmente modulo protheus avaliando contratar modulo analytics alem disso equipe alinhou cronograma nova rodada testes relatou concorrente ofereceu condicoes comerciais vantajosas escopo ficou definido followup proxima quinzena,0,1,1
278,T0279,2026-05-13 00:00:00,Saúde,Grande,Zoom,Financeiro,durante reuniao empresa setor saude porte grande responsavel projeto destacou utiliza principalmente modulo financeiro cliente pediu documentacao tecnica complementar alem disso reuniao foco mapeamento processo atual time tecnico reforcou importancia manter base dados atualizada decisao dependera percepcao valor proximas semanas,0,0,0
279,T0280,2026-08-19 00:00:00,Tecnologia,Pequena,,Analytics,durante reuniao empresa setor tecnologia porte pequena responsavel projeto destacou utiliza principalmente modulo analytics alinhamento sobre proximos marcos cronograma alem disso discutidos responsaveis prazos proximos passos time tecnico reforcou importancia manter base dados atualizada cliente espera melhoria perceptivel antes ampliar escopo,0,0,0
280,T0281,2026-06-03 00:00:00,Construção,Pequena,Presencial,ERP,durante reuniao empresa setor construcao porte pequena gestor comentou utiliza principalmente modulo erp revisao indicadores serao acompanhados alem disso mostrou interesse modulo fiscal relatorios inteligentes time interno considera importante acelerar adocao usuarios finais ficou combinado retornar plano acao nova demonstracao,0,1,0
281,T0282,2026-07-19 00:00:00,Educação,Grande,Teams,Financeiro,durante reuniao empresa setor educacao porte grande gerente projetos pontuou utiliza principalmente modulo financeiro alinhamento sobre proximos marcos cronograma alem disso solicitou apresentacao funcionalidades avancadas bi equipe destacou importancia documentar bem processos internos time pediu acompanhamento quinzenal medir evolucao,0,1,0
282,T0283,2026-06-14 00:00:00,Construção,Grande,Google Meet,Fiscal,durante reuniao empresa setor construcao porte grande head tecnologia ressaltou utiliza principalmente modulo fiscal quer integrar crm erp ainda neste semestre alem disso demonstrou abertura piloto dashboard gerencial existe expectativa ganho produtividade automacao fluxo aprovacao decisao dependera percepcao valor proximas semanas,0,1,0
283,T0284,2026-06-22 00:00:00,Distribuição,Grande,Presencial,CRM,durante reuniao empresa setor distribuicao porte grande cliente relatou utiliza principalmente modulo crm relatou frustracao tempo resposta suporte tecnico alem disso apresentado status atual plano implantacao informou processo cotacao linx ficou definido followup proxima quinzena time citou churn risco caso sla suporte nao melhore,1,0,1
284,T0285,2026-07-04 00:00:00,Varejo,Média,Google Meet,RH,durante reuniao empresa setor varejo porte media equipe comercial observou utiliza principalmente modulo rh registrou atraso recorrente fechamento financeiro alem disso time revisou relatorios operacionais ultimo mes tambem apareceu necessidade melhorar visibilidade indicadores diretoria proxima etapa sera consolidar requisitos priorizar entregas,1,0,0
285,T0286,2026-08-05 00:00:00,Construção,Média,Google Meet,Fluig,durante reuniao empresa setor construcao porte media coordenador operacoes disse utiliza principalmente modulo fluig reclamou falhas integracao sistemas alem disso equipe validou escopo projeto proxima fase tambem apareceu necessidade melhorar visibilidade indicadores diretoria cliente espera melhoria perceptivel antes ampliar escopo diretoria pediu visao consolidada indicadores especialmente receita margem inadimplencia,1,0,0
286,T0287,2026-07-26 00:00:00,Indústria,Média,Teams,BI,durante reuniao empresa setor industria porte media head tecnologia ressaltou utiliza principalmente modulo bi declarou diretoria avalia suspender uso sistema alem disso demonstrou abertura piloto dashboard gerencial cliente mencionou avaliando proposta comercial sap time pediu acompanhamento quinzenal medir evolucao,1,0,1
287,T0288,2026-07-11 00:00:00,Construção,Grande,Teams,Manufatura,durante reuniao empresa setor construcao porte grande diretor ti ressaltou utiliza principalmente modulo manufatura time revisou relatorios operacionais ultimo mes alem disso registrou atraso recorrente fechamento financeiro mencionado concorrencia apresentou proposta agressiva ficou combinado retornar plano acao nova demonstracao,1,0,1
288,T0289,2026-04-03 00:00:00,Indústria,Grande,Google Meet,Analytics,durante reuniao empresa setor industria porte grande gerente projetos pontuou utiliza principalmente modulo analytics afirmou ja perdeu produtividade causa falhas recentes alem disso avaliando contratar modulo analytics conversa reforcou necessidade padronizacao cadastro qualidade dados ficou combinado retornar plano acao nova demonstracao,1,1,0
289,T0290,2026-06-16 00:00:00,Educação,Média,Teams,BI,durante reuniao empresa setor educacao porte media diretora financeira explicou utiliza principalmente modulo bi equipe validou escopo projeto proxima fase alem disso sinalizou possibilidade upgrade contrato comentou diretoria pediu benchmark totvs outros fornecedores mercado time pediu acompanhamento quinzenal medir evolucao,0,1,1
290,T0291,2026-07-23 00:00:00,Distribuição,Pequena,Zoom,BI,durante reuniao empresa setor distribuicao porte pequena lider operacoes declarou utiliza principalmente modulo bi quer integrar crm erp ainda neste semestre alem disso equipe validou escopo projeto proxima fase tambem apareceu necessidade melhorar visibilidade indicadores diretoria partes alinharam retorno ate duas semanas,0,1,0
291,T0292,2026-08-20 00:00:00,Agronegócio,Grande,,ERP,durante reuniao empresa setor agronegocio porte grande lider operacoes declarou utiliza principalmente modulo erp manifestou interesse expandir uso sistema outras unidades alem disso mencionou risco cancelamento problema persistir relatou concorrente ofereceu condicoes comerciais vantajosas escopo ficou combinado retornar plano acao nova demonstracao,1,1,1
292,T0293,2026-06-01 00:00:00,Varejo,Média,Zoom,Financeiro,durante reuniao empresa setor varejo porte media time atendimento apontou utiliza principalmente modulo financeiro registrou atraso recorrente fechamento financeiro alem disso sinalizou possibilidade upgrade contrato tambem apareceu necessidade melhorar visibilidade indicadores diretoria sugerida prova conceito validar aderencia,1,1,0
293,T0294,2026-05-15 00:00:00,Varejo,Pequena,Zoom,RH,durante reuniao empresa setor varejo porte pequena diretora financeira explicou utiliza principalmente modulo rh cliente pediu documentacao tecnica complementar alem disso reuniao foco mapeamento processo atual existe expectativa ganho produtividade automacao fluxo aprovacao cliente espera melhoria perceptivel antes ampliar escopo,0,0,0
294,T0295,2026-07-16 00:00:00,Serviços,Grande,Presencial,Analytics,durante reuniao empresa setor servicos porte grande diretor ti ressaltou utiliza principalmente modulo analytics mencionou nivel servico abaixo combinado contrato alem disso avaliando contratar modulo analytics conversa reforcou necessidade padronizacao cadastro qualidade dados decisao dependera percepcao valor proximas semanas usuarios disseram processo atual manual lento pouco confiavel,1,1,0
295,T0296,2026-04-17 00:00:00,Construção,Grande,Presencial,Financeiro,durante reuniao empresa setor construcao porte grande equipe comercial observou utiliza principalmente modulo financeiro demonstrou interesse ampliar numero licencas usuarios alem disso validada necessidade treinamento usuarioschave conversa reforcou necessidade padronizacao cadastro qualidade dados ficou definido followup proxima quinzena,0,1,0
296,T0297,2026-05-15 00:00:00,Saúde,Pequena,Teams,Protheus,durante reuniao empresa setor saude porte pequena cliente relatou utiliza principalmente modulo protheus disse recebeu reclamacoes internas sobre qualidade suporte alem disso grupo revisou perfis acesso regras negocio cliente quer reduzir trabalho manual centralizar dados unica plataforma time pediu acompanhamento quinzenal medir evolucao,1,0,0
297,T0298,2026-04-08 00:00:00,Logística,Média,Google Meet,Fiscal,durante reuniao empresa setor logistica porte media diretora financeira explicou utiliza principalmente modulo fiscal time revisou relatorios operacionais ultimo mes alem disso perguntou sobre possibilidade contratar modulo rh ficou registrada necessidade revisar relatorios fiscais mensais ficou definido followup proxima quinzena,0,1,0
298,T0299,2026-05-11 00:00:00,Construção,Pequena,,Analytics,durante reuniao empresa setor construcao porte pequena gerente rh informou utiliza principalmente modulo analytics reuniao foco mapeamento processo atual alem disso relatou time cogita buscar alternativas mercado mencionado concorrencia apresentou proposta agressiva ficou combinado retornar plano acao nova demonstracao reuniao hibrida audio trechos curtos frases interrompidas assim ficou claro desconforto falhas,1,0,1
299,T0300,2026-04-10 00:00:00,Tecnologia,Grande,Presencial,Financeiro,durante reuniao empresa setor tecnologia porte grande gestor comentou utiliza principalmente modulo financeiro comentou diretoria questiona valor entregue alem disso sinalizou disposicao investir novo modulo ainda ano lideranca quer evidencias quantitativas antes decidir expansao proxima etapa sera consolidar requisitos priorizar entregas,1,1,0
300,T0301,2026-05-28 00:00:00,Tecnologia,Pequena,Presencial,Analytics,durante reuniao empresa setor tecnologia porte pequena head tecnologia ressaltou utiliza principalmente modulo analytics comentou equipe pouco engajada continuar usando ferramenta alem disso feita retrospectiva entregas ultimo trimestre citou oracle netsuite fez contato oferecendo pacote similar time pediu acompanhamento quinzenal medir evolucao diretoria pediu visao consolidada indicadores especialmente receita margem inadimplencia,1,0,1
301,T0302,2026-06-17 00:00:00,Agronegócio,Pequena,Presencial,Fluig,durante reuniao empresa setor agronegocio porte pequena supervisor fiscal comentou utiliza principalmente modulo fluig solicitou apresentacao funcionalidades avancadas bi alem disso disse recebeu reclamacoes internas sobre qualidade suporte cliente quer reduzir trabalho manual centralizar dados unica plataforma cliente espera melhoria perceptivel antes ampliar escopo,1,1,0
302,T0303,2026-04-03 00:00:00,Logística,Pequena,Presencial,ERP,durante reuniao empresa setor logistica porte pequena diretora financeira explicou utiliza principalmente modulo erp discutidos responsaveis prazos proximos passos alem disso disse time sobrecarregado retrabalho area negocio pediu alertas automaticos acompanhar desvios criticos ficou definido followup proxima quinzena,1,0,0
303,T0304,2026-04-12 00:00:00,Distribuição,Grande,Presencial,Fluig,durante reuniao empresa setor distribuicao porte grande time atendimento apontou utiliza principalmente modulo fluig equipe validou escopo projeto proxima fase alem disso mostrou interesse modulo fiscal relatorios inteligentes relatou concorrente ofereceu condicoes comerciais vantajosas escopo sugerida prova conceito validar aderencia,0,1,1
304,T0305,2026-05-04 00:00:00,Distribuição,Média,Google Meet,Fluig,durante reuniao empresa setor distribuicao porte media head tecnologia ressaltou utiliza principalmente modulo fluig relatou sistema apresentou instabilidade momento critico operacao alem disso time revisou relatorios operacionais ultimo mes mencionou salesforce entrou contato oferecendo modulo crm ficou definido followup proxima quinzena,1,0,1
305,T0306,2026-04-28 00:00:00,Educação,Pequena,Teams,CRM,durante reuniao empresa setor educacao porte pequena time atendimento apontou utiliza principalmente modulo crm sinalizou disposicao investir novo modulo ainda ano alem disso mencionou contrato perto vencimento previsao renovacao time tecnico reforcou importancia manter base dados atualizada time pediu acompanhamento quinzenal medir evolucao,1,1,0
306,T0307,2026-05-01 00:00:00,Saúde,Pequena,Google Meet,RH,durante reuniao empresa setor saude porte pequena equipe comercial observou utiliza principalmente modulo rh pediu proposta comercial modulo business intelligence alem disso disse time sobrecarregado retrabalho cliente mencionou avaliando proposta comercial sap ficou combinado retornar plano acao nova demonstracao,1,1,1
307,T0308,2026-05-15 00:00:00,Indústria,Média,Presencial,Fiscal,durante reuniao empresa setor industria porte media analista financeiro pontuou utiliza principalmente modulo fiscal demonstrou interesse ampliar numero licencas usuarios alem disso mencionou nivel servico abaixo combinado contrato comentou diretoria pediu benchmark totvs outros fornecedores mercado proxima etapa sera consolidar requisitos priorizar entregas,1,1,1
308,T0309,2026-05-27 00:00:00,Educação,Pequena,Presencial,Fluig,durante reuniao empresa setor educacao porte pequena diretor ti ressaltou utiliza principalmente modulo fluig perguntou sobre possibilidade contratar modulo rh alem disso registrou atraso recorrente fechamento financeiro existe expectativa ganho produtividade automacao fluxo aprovacao proxima etapa sera consolidar requisitos priorizar entregas,1,1,0
309,T0310,2026-06-24 00:00:00,Saúde,Pequena,Presencial,Protheus,durante reuniao empresa setor saude porte pequena cliente relatou utiliza principalmente modulo protheus equipe validou escopo projeto proxima fase alem disso listadas pendencias proxima sprint comentou diretoria pediu benchmark totvs outros fornecedores mercado cliente espera melhoria perceptivel antes ampliar escopo,0,0,1
310,T0311,2026-06-10 00:00:00,Construção,Média,Teams,Protheus,durante reuniao empresa setor construcao porte media supervisor fiscal comentou utiliza principalmente modulo protheus demonstrou interesse ampliar numero licencas usuarios alem disso apresentado status atual plano implantacao ficou registrada necessidade revisar relatorios fiscais mensais partes alinharam retorno ate duas semanas,0,1,0
311,T0312,2026-07-17 00:00:00,Distribuição,Grande,,Financeiro,durante reuniao empresa setor distribuicao porte grande diretor ti ressaltou utiliza principalmente modulo financeiro sinalizou possibilidade upgrade contrato alem disso listadas pendencias proxima sprint ficou registrada necessidade revisar relatorios fiscais mensais ficou definido followup proxima quinzena,0,1,0
312,T0313,2026-04-07 00:00:00,Logística,Grande,Teams,Protheus,durante reuniao empresa setor logistica porte grande head tecnologia ressaltou utiliza principalmente modulo protheus perguntou sobre possibilidade contratar modulo rh alem disso reuniao foco mapeamento processo atual relatou concorrente ofereceu condicoes comerciais vantajosas escopo time pediu acompanhamento quinzenal medir evolucao,0,1,1
313,T0314,2026-06-01 00:00:00,Construção,Grande,Zoom,Financeiro,durante reuniao empresa setor construcao porte grande supervisor fiscal comentou utiliza principalmente modulo financeiro feita retrospectiva entregas ultimo trimestre alem disso alinhamento sobre proximos marcos cronograma mencionou salesforce entrou contato oferecendo modulo crm sugerida prova conceito validar aderencia,0,0,1
314,T0315,2026-04-08 00:00:00,Logística,Grande,,BI,durante reuniao empresa setor logistica porte grande supervisor fiscal comentou utiliza principalmente modulo bi equipe alinhou cronograma nova rodada testes alem disso alinhamento sobre proximos marcos cronograma time tecnico reforcou importancia manter base dados atualizada decisao dependera percepcao valor proximas semanas,0,0,0
315,T0316,2026-04-06 00:00:00,Tecnologia,Média,Zoom,Fluig,durante reuniao empresa setor tecnologia porte media head tecnologia ressaltou utiliza principalmente modulo fluig disse time sobrecarregado retrabalho alem disso avaliando contratar modulo analytics cliente quer reduzir trabalho manual centralizar dados unica plataforma time pediu acompanhamento quinzenal medir evolucao usuarios disseram processo atual manual lento pouco confiavel,1,1,0
316,T0317,2026-08-13 00:00:00,Logística,Pequena,Google Meet,Manufatura,durante reuniao empresa setor logistica porte pequena supervisor fiscal comentou utiliza principalmente modulo manufatura validada necessidade treinamento usuarioschave alem disso grupo revisou perfis acesso regras negocio tambem apareceu necessidade melhorar visibilidade indicadores diretoria sugerida prova conceito validar aderencia,0,0,0
317,T0318,2026-08-03 00:00:00,Logística,Pequena,,RH,durante reuniao empresa setor logistica porte pequena lider operacoes declarou utiliza principalmente modulo rh equipe alinhou cronograma nova rodada testes alem disso grupo revisou perfis acesso regras negocio area negocio pediu alertas automaticos acompanhar desvios criticos decisao dependera percepcao valor proximas semanas,0,0,0
318,T0319,2026-07-10 00:00:00,Agronegócio,Pequena,Teams,RH,durante reuniao empresa setor agronegocio porte pequena gestor comentou utiliza principalmente modulo rh comentou diretoria questiona valor entregue alem disso quer integrar crm erp ainda neste semestre comentou recebeu cotacao senior sistemas condicoes atrativas time pediu acompanhamento quinzenal medir evolucao,1,1,1
319,T0320,2026-04-23 00:00:00,Logística,Média,Zoom,ERP,durante reuniao empresa setor logistica porte media gerente rh informou utiliza principalmente modulo erp time revisou relatorios operacionais ultimo mes alem disso comentou diretoria questiona valor entregue mencionou salesforce entrou contato oferecendo modulo crm decisao dependera percepcao valor proximas semanas,1,0,1
320,T0321,2026-07-17 00:00:00,Educação,Média,Presencial,Manufatura,durante reuniao empresa setor educacao porte media gestor comentou utiliza principalmente modulo manufatura demonstrou interesse conhecer modulo manufatura alem disso validada necessidade treinamento usuarioschave equipe destacou importancia documentar bem processos internos ficou combinado retornar plano acao nova demonstracao,0,1,0
321,T0322,2026-06-21 00:00:00,Construção,Pequena,Zoom,Fluig,durante reuniao empresa setor construcao porte pequena cliente relatou utiliza principalmente modulo fluig demonstrou abertura piloto dashboard gerencial alem disso relatou sistema apresentou instabilidade momento critico operacao relatou concorrente ofereceu condicoes comerciais vantajosas escopo proxima etapa sera consolidar requisitos priorizar entregas,1,0,1
322,T0323,2026-07-20 00:00:00,Educação,Grande,Presencial,BI,durante reuniao empresa setor educacao porte grande equipe comercial observou utiliza principalmente modulo bi grupo revisou perfis acesso regras negocio alem disso validada necessidade treinamento usuarioschave time interno considera importante acelerar adocao usuarios finais partes alinharam retorno ate duas semanas,0,0,0
323,T0324,2026-06-12 00:00:00,Construção,Pequena,Zoom,Protheus,durante reuniao empresa setor construcao porte pequena analista ti afirmou utiliza principalmente modulo protheus equipe validou escopo projeto proxima fase alem disso discutidos responsaveis prazos proximos passos comentou recebeu cotacao senior sistemas condicoes atrativas cliente espera melhoria perceptivel antes ampliar escopo,0,0,1
324,T0325,2026-08-01 00:00:00,Distribuição,Pequena,Zoom,Financeiro,durante reuniao empresa setor distribuicao porte pequena cliente relatou utiliza principalmente modulo financeiro manifestou interesse expandir uso sistema outras unidades alem disso validada necessidade treinamento usuarioschave conversa reforcou necessidade padronizacao cadastro qualidade dados decisao dependera percepcao valor proximas semanas,0,1,0
325,T0326,2026-08-18 00:00:00,Serviços,Pequena,Google Meet,Manufatura,durante reuniao empresa setor servicos porte pequena gestor comentou utiliza principalmente modulo manufatura revisao indicadores serao acompanhados alem disso demonstrou abertura piloto dashboard gerencial citou oracle netsuite fez contato oferecendo pacote similar ficou definido followup proxima quinzena,0,0,1
326,T0327,2026-04-25 00:00:00,Saúde,Grande,Google Meet,Fiscal,durante reuniao empresa setor saude porte grande analista ti afirmou utiliza principalmente modulo fiscal comentou diretoria questiona valor entregue alem disso interesse ampliar uso sistema relatou concorrente ofereceu condicoes comerciais vantajosas escopo partes alinharam retorno ate duas semanas,1,1,1
327,T0328,2026-05-31 00:00:00,Varejo,Média,Zoom,Manufatura,durante reuniao empresa setor varejo porte media head tecnologia ressaltou utiliza principalmente modulo manufatura time revisou relatorios operacionais ultimo mes alem disso feita retrospectiva entregas ultimo trimestre time tecnico reforcou importancia manter base dados atualizada sugerida prova conceito validar aderencia,0,0,0
328,T0329,2026-05-25 00:00:00,Distribuição,Pequena,Zoom,Manufatura,durante reuniao empresa setor distribuicao porte pequena diretora financeira explicou utiliza principalmente modulo manufatura equipe alinhou cronograma nova rodada testes alem disso sinalizou disposicao investir novo modulo ainda ano equipe destacou importancia documentar bem processos internos decisao dependera percepcao valor proximas semanas,0,1,0
329,T0330,2026-07-11 00:00:00,Tecnologia,Média,Google Meet,Fiscal,durante reuniao empresa setor tecnologia porte media time atendimento apontou utiliza principalmente modulo fiscal feita retrospectiva entregas ultimo trimestre alem disso reuniao foco mapeamento processo atual cliente mencionou avaliando proposta comercial sap partes alinharam retorno ate duas semanas,0,0,1
330,T0331,2026-04-26 00:00:00,Saúde,Grande,Zoom,ERP,durante reuniao empresa setor saude porte grande gerente projetos pontuou utiliza principalmente modulo erp discutidos responsaveis prazos proximos passos alem disso grupo revisou perfis acesso regras negocio lideranca quer evidencias quantitativas antes decidir expansao partes alinharam retorno ate duas semanas,0,0,0
331,T0332,2026-07-13 00:00:00,Educação,Grande,,Manufatura,durante reuniao empresa setor educacao porte grande equipe comercial observou utiliza principalmente modulo manufatura grupo revisou perfis acesso regras negocio alem disso listadas pendencias proxima sprint mencionado concorrencia apresentou proposta agressiva ficou definido followup proxima quinzena,0,0,1
332,T0333,2026-06-17 00:00:00,Construção,Média,Presencial,Analytics,durante reuniao empresa setor construcao porte media gerente projetos pontuou utiliza principalmente modulo analytics demonstrou interesse ampliar numero licencas usuarios alem disso demonstrou abertura piloto dashboard gerencial ficou registrada necessidade revisar relatorios fiscais mensais time pediu acompanhamento quinzenal medir evolucao,0,1,0
333,T0334,2026-05-25 00:00:00,Serviços,Grande,Presencial,Fiscal,durante reuniao empresa setor servicos porte grande gerente projetos pontuou utiliza principalmente modulo fiscal feita retrospectiva entregas ultimo trimestre alem disso informou confianca equipe sistema caiu ultimos meses relatou concorrente ofereceu condicoes comerciais vantajosas escopo sugerida prova conceito validar aderencia diretoria pediu visao consolidada indicadores especialmente receita margem inadimplencia,1,0,1
334,T0335,2026-04-08 00:00:00,Educação,Pequena,Teams,Protheus,durante reuniao empresa setor educacao porte pequena gerente rh informou utiliza principalmente modulo protheus revisao indicadores serao acompanhados alem disso citou insatisfacao suporte ultimo mes tambem apareceu necessidade melhorar visibilidade indicadores diretoria ficou combinado retornar plano acao nova demonstracao,1,0,0
335,T0336,2026-05-02 00:00:00,Indústria,Pequena,Google Meet,CRM,durante reuniao empresa setor industria porte pequena supervisor fiscal comentou utiliza principalmente modulo crm revisao indicadores serao acompanhados alem disso demonstrou abertura piloto dashboard gerencial equipe destacou importancia documentar bem processos internos time pediu acompanhamento quinzenal medir evolucao,0,0,0
336,T0337,2026-04-24 00:00:00,Construção,Pequena,Presencial,Protheus,durante reuniao empresa setor construcao porte pequena cliente relatou utiliza principalmente modulo protheus feita retrospectiva entregas ultimo trimestre alem disso solicitou apresentacao funcionalidades avancadas bi time interno considera importante acelerar adocao usuarios finais ficou combinado retornar plano acao nova demonstracao,0,1,0
337,T0338,2026-04-03 00:00:00,Varejo,Pequena,Teams,RH,durante reuniao empresa setor varejo porte pequena lider operacoes declarou utiliza principalmente modulo rh mencionou risco cancelamento problema persistir alem disso demonstrou interesse ampliar numero licencas usuarios equipe destacou importancia documentar bem processos internos decisao dependera percepcao valor proximas semanas,1,1,0
338,T0339,2026-06-29 00:00:00,Varejo,Média,Teams,CRM,durante reuniao empresa setor varejo porte media responsavel projeto destacou utiliza principalmente modulo crm equipe validou escopo projeto proxima fase alem disso demonstrou interesse conhecer modulo manufatura existe expectativa ganho produtividade automacao fluxo aprovacao time pediu acompanhamento quinzenal medir evolucao,0,1,0
339,T0340,2026-08-02 00:00:00,Saúde,Média,Google Meet,Fluig,durante reuniao empresa setor saude porte media gerente projetos pontuou utiliza principalmente modulo fluig perguntou sobre possibilidade contratar modulo rh alem disso cliente pediu documentacao tecnica complementar time interno considera importante acelerar adocao usuarios finais sugerida prova conceito validar aderencia,0,1,0
340,T0341,2026-07-13 00:00:00,Logística,Grande,Teams,Protheus,durante reuniao empresa setor logistica porte grande diretor ti ressaltou utiliza principalmente modulo protheus disse recebeu reclamacoes internas sobre qualidade suporte alem disso manifestou interesse expandir uso sistema outras unidades area negocio pediu alertas automaticos acompanhar desvios criticos partes alinharam retorno ate duas semanas,1,1,0
341,T0342,2026-05-19 00:00:00,Logística,Grande,Teams,Fiscal,durante reuniao empresa setor logistica porte grande diretor ti ressaltou utiliza principalmente modulo fiscal disse recebeu reclamacoes internas sobre qualidade suporte alem disso apresentado status atual plano implantacao time tecnico reforcou importancia manter base dados atualizada decisao dependera percepcao valor proximas semanas,1,0,0
342,T0343,2026-04-25 00:00:00,Varejo,Pequena,Google Meet,Fiscal,durante reuniao empresa setor varejo porte pequena lider operacoes declarou utiliza principalmente modulo fiscal demonstrou abertura piloto dashboard gerencial alem disso apresentado status atual plano implantacao cliente mencionou avaliando proposta comercial sap ficou combinado retornar plano acao nova demonstracao,0,0,1
343,T0344,2026-06-24 00:00:00,Logística,Média,,ERP,durante reuniao empresa setor logistica porte media time atendimento apontou utiliza principalmente modulo erp revisao indicadores serao acompanhados alem disso quer integrar crm erp ainda neste semestre equipe destacou importancia documentar bem processos internos proxima etapa sera consolidar requisitos priorizar entregas,0,1,0
344,T0345,2026-08-14 00:00:00,Construção,Média,Zoom,BI,durante reuniao empresa setor construcao porte media cliente relatou utiliza principalmente modulo bi disse time sobrecarregado retrabalho alem disso pediu proposta comercial modulo business intelligence equipe destacou importancia documentar bem processos internos ficou definido followup proxima quinzena,1,1,0
345,T0346,2026-06-25 00:00:00,Educação,Média,Zoom,Protheus,durante reuniao empresa setor educacao porte media time atendimento apontou utiliza principalmente modulo protheus equipe alinhou cronograma nova rodada testes alem disso perguntou sobre possibilidade contratar modulo rh comentou recebeu cotacao senior sistemas condicoes atrativas ficou definido followup proxima quinzena,0,1,1
346,T0347,2026-07-19 00:00:00,Serviços,Média,Presencial,Manufatura,durante reuniao empresa setor servicos porte media equipe comercial observou utiliza principalmente modulo manufatura discutidos responsaveis prazos proximos passos alem disso interesse ampliar uso sistema tambem apareceu necessidade melhorar visibilidade indicadores diretoria cliente espera melhoria perceptivel antes ampliar escopo,0,1,0
347,T0348,2026-04-02 00:00:00,Distribuição,Pequena,Google Meet,ERP,durante reuniao empresa setor distribuicao porte pequena cliente relatou utiliza principalmente modulo erp validada necessidade treinamento usuarioschave alem disso listadas pendencias proxima sprint comentou recebeu cotacao senior sistemas condicoes atrativas proxima etapa sera consolidar requisitos priorizar entregas,0,0,1
348,T0349,2026-08-13 00:00:00,Logística,Média,Teams,Fluig,durante reuniao empresa setor logistica porte media head tecnologia ressaltou utiliza principalmente modulo fluig avaliou contratar consultoria adicional acelerar implantacao alem disso disse recebeu reclamacoes internas sobre qualidade suporte cliente quer reduzir trabalho manual centralizar dados unica plataforma partes alinharam retorno ate duas semanas usuarios disseram processo atual manual lento pouco confiavel,1,1,0
349,T0350,2026-08-08 00:00:00,Educação,Pequena,Google Meet,Protheus,durante reuniao empresa setor educacao porte pequena analista ti afirmou utiliza principalmente modulo protheus alinhamento sobre proximos marcos cronograma alem disso perguntou sobre possibilidade contratar modulo rh equipe destacou importancia documentar bem processos internos cliente espera melhoria perceptivel antes ampliar escopo,0,1,0
350,T0351,2026-07-16 00:00:00,Varejo,Média,Zoom,Fiscal,durante reuniao empresa setor varejo porte media responsavel projeto destacou utiliza principalmente modulo fiscal time revisou relatorios operacionais ultimo mes alem disso solicitou reuniao comercial tratar expansao escopo time interno considera importante acelerar adocao usuarios finais cliente espera melhoria perceptivel antes ampliar escopo,0,1,0
351,T0352,2026-05-06 00:00:00,Serviços,Pequena,,RH,durante reuniao empresa setor servicos porte pequena diretora financeira explicou utiliza principalmente modulo rh validada necessidade treinamento usuarioschave alem disso cliente pediu documentacao tecnica complementar comentou diretoria pediu benchmark totvs outros fornecedores mercado ficou combinado retornar plano acao nova demonstracao,0,0,1
352,T0353,2026-07-01 00:00:00,Serviços,Média,Teams,Protheus,durante reuniao empresa setor servicos porte media coordenador operacoes disse utiliza principalmente modulo protheus revisao indicadores serao acompanhados alem disso equipe alinhou cronograma nova rodada testes tambem apareceu necessidade melhorar visibilidade indicadores diretoria ficou combinado retornar plano acao nova demonstracao diretoria pediu visao consolidada indicadores especialmente receita margem inadimplencia,0,0,0
353,T0354,2026-05-09 00:00:00,Saúde,Grande,Zoom,Analytics,durante reuniao empresa setor saude porte grande head tecnologia ressaltou utiliza principalmente modulo analytics apresentado status atual plano implantacao alem disso cliente pediu documentacao tecnica complementar ficou registrada necessidade revisar relatorios fiscais mensais decisao dependera percepcao valor proximas semanas,0,0,0
354,T0355,2026-06-14 00:00:00,Logística,Grande,Google Meet,Manufatura,durante reuniao empresa setor logistica porte grande analista financeiro pontuou utiliza principalmente modulo manufatura validada necessidade treinamento usuarioschave alem disso relatou lentidao horarios pico existe expectativa ganho produtividade automacao fluxo aprovacao sugerida prova conceito validar aderencia,1,0,0
355,T0356,2026-06-08 00:00:00,Saúde,Média,Google Meet,BI,durante reuniao empresa setor saude porte media diretora financeira explicou utiliza principalmente modulo bi relatou sistema apresentou instabilidade momento critico operacao alem disso demonstrou interesse conhecer modulo manufatura lideranca quer evidencias quantitativas antes decidir expansao partes alinharam retorno ate duas semanas,1,1,0
356,T0357,2026-05-13 00:00:00,Saúde,Pequena,Zoom,BI,durante reuniao empresa setor saude porte pequena diretora financeira explicou utiliza principalmente modulo bi listadas pendencias proxima sprint alem disso equipe validou escopo projeto proxima fase equipe destacou importancia documentar bem processos internos ficou definido followup proxima quinzena,0,0,0
357,T0358,2026-05-04 00:00:00,Varejo,Média,Zoom,Manufatura,durante reuniao empresa setor varejo porte media time atendimento apontou utiliza principalmente modulo manufatura citou insatisfacao suporte ultimo mes alem disso mostrou interesse modulo fiscal relatorios inteligentes mencionou salesforce entrou contato oferecendo modulo crm cliente espera melhoria perceptivel antes ampliar escopo,1,1,1
358,T0359,2026-05-28 00:00:00,Logística,Grande,,RH,durante reuniao empresa setor logistica porte grande diretora financeira explicou utiliza principalmente modulo rh apresentado status atual plano implantacao alem disso listadas pendencias proxima sprint ficou registrada necessidade revisar relatorios fiscais mensais time pediu acompanhamento quinzenal medir evolucao,0,0,0
359,T0360,2026-04-14 00:00:00,Indústria,Grande,Teams,Fiscal,durante reuniao empresa setor industria porte grande gerente projetos pontuou utiliza principalmente modulo fiscal solicitou reuniao comercial tratar expansao escopo alem disso feita retrospectiva entregas ultimo trimestre cliente quer reduzir trabalho manual centralizar dados unica plataforma proxima etapa sera consolidar requisitos priorizar entregas,0,1,0
360,T0361,2026-08-08 00:00:00,Distribuição,Grande,Presencial,Manufatura,durante reuniao empresa setor distribuicao porte grande gerente projetos pontuou utiliza principalmente modulo manufatura comentou diretoria questiona valor entregue alem disso mostrou interesse modulo fiscal relatorios inteligentes comentou diretoria pediu benchmark totvs outros fornecedores mercado ficou definido followup proxima quinzena ha interesse poc analytics budget ainda depende aprovacao,1,1,1
361,T0362,2026-04-05 00:00:00,Saúde,Média,Presencial,Protheus,durante reuniao empresa setor saude porte media coordenador operacoes disse utiliza principalmente modulo protheus feita retrospectiva entregas ultimo trimestre alem disso sinalizou possibilidade upgrade contrato equipe destacou importancia documentar bem processos internos decisao dependera percepcao valor proximas semanas,0,1,0
362,T0363,2026-06-27 00:00:00,Logística,Pequena,Teams,CRM,durante reuniao empresa setor logistica porte pequena gestor comentou utiliza principalmente modulo crm discutidos responsaveis prazos proximos passos alem disso alinhamento sobre proximos marcos cronograma tambem apareceu necessidade melhorar visibilidade indicadores diretoria ficou definido followup proxima quinzena diretoria pediu visao consolidada indicadores especialmente receita margem inadimplencia,0,0,0
363,T0364,2026-06-14 00:00:00,Tecnologia,Grande,Google Meet,Analytics,durante reuniao empresa setor tecnologia porte grande equipe comercial observou utiliza principalmente modulo analytics solicitou reuniao comercial tratar expansao escopo alem disso afirmou usuarios evitam usar algumas telas complexidade area negocio pediu alertas automaticos acompanhar desvios criticos proxima etapa sera consolidar requisitos priorizar entregas,1,1,0
364,T0365,2026-05-26 00:00:00,Varejo,Pequena,Google Meet,Analytics,durante reuniao empresa setor varejo porte pequena lider operacoes declarou utiliza principalmente modulo analytics interesse ampliar uso sistema alem disso afirmou ja perdeu produtividade causa falhas recentes ficou registrada necessidade revisar relatorios fiscais mensais ficou definido followup proxima quinzena,1,1,0
365,T0366,2026-08-14 00:00:00,Indústria,Grande,Presencial,RH,durante reuniao empresa setor industria porte grande time atendimento apontou utiliza principalmente modulo rh time revisou relatorios operacionais ultimo mes alem disso pediu proposta automacao processos cliente quer reduzir trabalho manual centralizar dados unica plataforma proxima etapa sera consolidar requisitos priorizar entregas,0,1,0
366,T0367,2026-07-08 00:00:00,Serviços,Grande,Teams,ERP,durante reuniao empresa setor servicos porte grande analista ti afirmou utiliza principalmente modulo erp grupo revisou perfis acesso regras negocio alem disso cliente pediu documentacao tecnica complementar cliente quer reduzir trabalho manual centralizar dados unica plataforma sugerida prova conceito validar aderencia,0,0,0
367,T0368,2026-08-19 00:00:00,Logística,Grande,,Financeiro,durante reuniao empresa setor logistica porte grande gerente rh informou utiliza principalmente modulo financeiro equipe alinhou cronograma nova rodada testes alem disso equipe validou escopo projeto proxima fase mencionou salesforce entrou contato oferecendo modulo crm sugerida prova conceito validar aderencia,0,0,1
368,T0369,2026-06-22 00:00:00,Saúde,Média,,CRM,durante reuniao empresa setor saude porte media supervisor fiscal comentou utiliza principalmente modulo crm equipe validou escopo projeto proxima fase alem disso apresentado status atual plano implantacao time tecnico reforcou importancia manter base dados atualizada decisao dependera percepcao valor proximas semanas,0,0,0
369,T0370,2026-07-07 00:00:00,Educação,Pequena,Zoom,Financeiro,durante reuniao empresa setor educacao porte pequena responsavel projeto destacou utiliza principalmente modulo financeiro pediu proposta automacao processos alem disso cliente pediu documentacao tecnica complementar comentou recebeu cotacao senior sistemas condicoes atrativas cliente espera melhoria perceptivel antes ampliar escopo,0,1,1
370,T0371,2026-07-25 00:00:00,Saúde,Grande,,Financeiro,durante reuniao empresa setor saude porte grande analista financeiro pontuou utiliza principalmente modulo financeiro listadas pendencias proxima sprint alem disso mencionou nivel servico abaixo combinado contrato relatou concorrente ofereceu condicoes comerciais vantajosas escopo decisao dependera percepcao valor proximas semanas,1,0,1
371,T0372,2026-06-20 00:00:00,Tecnologia,Pequena,Zoom,ERP,durante reuniao empresa setor tecnologia porte pequena gerente rh informou utiliza principalmente modulo erp comentou equipe pouco engajada continuar usando ferramenta alem disso demonstrou interesse ampliar numero licencas usuarios equipe destacou importancia documentar bem processos internos ficou combinado retornar plano acao nova demonstracao,1,1,0
372,T0373,2026-04-20 00:00:00,Educação,Pequena,,Analytics,durante reuniao empresa setor educacao porte pequena analista ti afirmou utiliza principalmente modulo analytics interesse ampliar uso sistema alem disso listadas pendencias proxima sprint relatou concorrente ofereceu condicoes comerciais vantajosas escopo decisao dependera percepcao valor proximas semanas,0,1,1
373,T0374,2026-05-10 00:00:00,Indústria,Pequena,Google Meet,RH,durante reuniao empresa setor industria porte pequena equipe comercial observou utiliza principalmente modulo rh manifestou interesse expandir uso sistema outras unidades alem disso revisao indicadores serao acompanhados conversa reforcou necessidade padronizacao cadastro qualidade dados time pediu acompanhamento quinzenal medir evolucao,0,1,0
374,T0375,2026-05-11 00:00:00,Serviços,Grande,,Manufatura,durante reuniao empresa setor servicos porte grande diretora financeira explicou utiliza principalmente modulo manufatura equipe alinhou cronograma nova rodada testes alem disso grupo revisou perfis acesso regras negocio tambem apareceu necessidade melhorar visibilidade indicadores diretoria time pediu acompanhamento quinzenal medir evolucao,0,0,0
375,T0376,2026-04-03 00:00:00,Saúde,Grande,Google Meet,CRM,durante reuniao empresa setor saude porte grande gerente rh informou utiliza principalmente modulo crm comentou diretoria questiona valor entregue alem disso reuniao foco mapeamento processo atual area negocio pediu alertas automaticos acompanhar desvios criticos proxima etapa sera consolidar requisitos priorizar entregas,1,0,0
376,T0377,2026-07-05 00:00:00,Tecnologia,Grande,Presencial,CRM,durante reuniao empresa setor tecnologia porte grande equipe comercial observou utiliza principalmente modulo crm apresentado status atual plano implantacao alem disso manifestou interesse expandir uso sistema outras unidades tambem apareceu necessidade melhorar visibilidade indicadores diretoria proxima etapa sera consolidar requisitos priorizar entregas,0,1,0
377,T0378,2026-04-02 00:00:00,Saúde,Pequena,Teams,Manufatura,durante reuniao empresa setor saude porte pequena gerente projetos pontuou utiliza principalmente modulo manufatura relatou lentidao horarios pico alem disso equipe alinhou cronograma nova rodada testes conversa reforcou necessidade padronizacao cadastro qualidade dados sugerida prova conceito validar aderencia reuniao hibrida audio trechos curtos frases interrompidas assim ficou claro desconforto falhas,1,0,0
378,T0379,2026-06-04 00:00:00,Tecnologia,Pequena,,Financeiro,durante reuniao empresa setor tecnologia porte pequena head tecnologia ressaltou utiliza principalmente modulo financeiro relatou frustracao tempo resposta suporte tecnico alem disso sinalizou disposicao investir novo modulo ainda ano comentou diretoria pediu benchmark totvs outros fornecedores mercado partes alinharam retorno ate duas semanas,1,1,1
379,T0380,2026-04-17 00:00:00,Agronegócio,Pequena,Zoom,Fluig,durante reuniao empresa setor agronegocio porte pequena head tecnologia ressaltou utiliza principalmente modulo fluig relatou time cogita buscar alternativas mercado alem disso validada necessidade treinamento usuarioschave lideranca quer evidencias quantitativas antes decidir expansao proxima etapa sera consolidar requisitos priorizar entregas,1,0,0
380,T0381,2026-04-08 00:00:00,Varejo,Pequena,,Financeiro,durante reuniao empresa setor varejo porte pequena cliente relatou utiliza principalmente modulo financeiro demonstrou interesse conhecer modulo manufatura alem disso alinhamento sobre proximos marcos cronograma cliente quer reduzir trabalho manual centralizar dados unica plataforma decisao dependera percepcao valor proximas semanas,0,1,0
381,T0382,2026-07-05 00:00:00,Indústria,Grande,,BI,durante reuniao empresa setor industria porte grande diretora financeira explicou utiliza principalmente modulo bi reuniao foco mapeamento processo atual alem disso feita retrospectiva entregas ultimo trimestre time tecnico reforcou importancia manter base dados atualizada proxima etapa sera consolidar requisitos priorizar entregas,0,0,0
382,T0383,2026-07-15 00:00:00,Tecnologia,Pequena,Teams,BI,durante reuniao empresa setor tecnologia porte pequena gerente rh informou utiliza principalmente modulo bi cliente pediu documentacao tecnica complementar alem disso equipe validou escopo projeto proxima fase conversa reforcou necessidade padronizacao cadastro qualidade dados sugerida prova conceito validar aderencia,0,0,0
383,T0384,2026-08-19 00:00:00,Varejo,Grande,,Analytics,durante reuniao empresa setor varejo porte grande responsavel projeto destacou utiliza principalmente modulo analytics cliente pediu documentacao tecnica complementar alem disso mostrou interesse modulo fiscal relatorios inteligentes time interno considera importante acelerar adocao usuarios finais ficou definido followup proxima quinzena,0,1,0
384,T0385,2026-06-12 00:00:00,Agronegócio,Pequena,Teams,Fluig,durante reuniao empresa setor agronegocio porte pequena time atendimento apontou utiliza principalmente modulo fluig comentou equipe pouco engajada continuar usando ferramenta alem disso grupo revisou perfis acesso regras negocio comentou recebeu cotacao senior sistemas condicoes atrativas time pediu acompanhamento quinzenal medir evolucao,1,0,1
385,T0386,2026-05-27 00:00:00,Serviços,Média,Google Meet,BI,durante reuniao empresa setor servicos porte media diretor ti ressaltou utiliza principalmente modulo bi pediu proposta comercial modulo business intelligence alem disso revisao indicadores serao acompanhados comentou diretoria pediu benchmark totvs outros fornecedores mercado time pediu acompanhamento quinzenal medir evolucao,0,1,1
386,T0387,2026-04-21 00:00:00,Construção,Pequena,,Financeiro,durante reuniao empresa setor construcao porte pequena responsavel projeto destacou utiliza principalmente modulo financeiro time revisou relatorios operacionais ultimo mes alem disso mostrou interesse modulo fiscal relatorios inteligentes existe expectativa ganho produtividade automacao fluxo aprovacao cliente espera melhoria perceptivel antes ampliar escopo,0,1,0
387,T0388,2026-04-10 00:00:00,Tecnologia,Média,,Fiscal,durante reuniao empresa setor tecnologia porte media time atendimento apontou utiliza principalmente modulo fiscal alinhamento sobre proximos marcos cronograma alem disso apresentado status atual plano implantacao mencionou salesforce entrou contato oferecendo modulo crm partes alinharam retorno ate duas semanas,0,0,1
388,T0389,2026-07-28 00:00:00,Tecnologia,Grande,Zoom,Manufatura,durante reuniao empresa setor tecnologia porte grande gestor comentou utiliza principalmente modulo manufatura reuniao foco mapeamento processo atual alem disso discutidos responsaveis prazos proximos passos comentou recebeu cotacao senior sistemas condicoes atrativas sugerida prova conceito validar aderencia,0,0,1
389,T0390,2026-05-08 00:00:00,Varejo,Média,Zoom,Financeiro,durante reuniao empresa setor varejo porte media lider operacoes declarou utiliza principalmente modulo financeiro equipe alinhou cronograma nova rodada testes alem disso disse recebeu reclamacoes internas sobre qualidade suporte lideranca quer evidencias quantitativas antes decidir expansao time pediu acompanhamento quinzenal medir evolucao,1,0,0
390,T0391,2026-07-09 00:00:00,Varejo,Média,Zoom,Protheus,durante reuniao empresa setor varejo porte media diretor ti ressaltou utiliza principalmente modulo protheus grupo revisou perfis acesso regras negocio alem disso validada necessidade treinamento usuarioschave lideranca quer evidencias quantitativas antes decidir expansao sugerida prova conceito validar aderencia,0,0,0
391,T0392,2026-04-20 00:00:00,Tecnologia,Média,Presencial,Financeiro,durante reuniao empresa setor tecnologia porte media coordenador operacoes disse utiliza principalmente modulo financeiro relatou sistema apresentou instabilidade momento critico operacao alem disso grupo revisou perfis acesso regras negocio ficou registrada necessidade revisar relatorios fiscais mensais ficou definido followup proxima quinzena,1,0,0
392,T0393,2026-05-29 00:00:00,Saúde,Grande,Google Meet,Financeiro,durante reuniao empresa setor saude porte grande cliente relatou utiliza principalmente modulo financeiro afirmou usuarios evitam usar algumas telas complexidade alem disso demonstrou abertura piloto dashboard gerencial equipe destacou importancia documentar bem processos internos proxima etapa sera consolidar requisitos priorizar entregas,1,0,0
393,T0394,2026-08-01 00:00:00,Varejo,Pequena,,BI,durante reuniao empresa setor varejo porte pequena diretor ti ressaltou utiliza principalmente modulo bi sinalizou possibilidade upgrade contrato alem disso afirmou ja perdeu produtividade causa falhas recentes mencionado concorrencia apresentou proposta agressiva sugerida prova conceito validar aderencia,1,1,1
394,T0395,2026-05-08 00:00:00,Indústria,Pequena,Google Meet,BI,durante reuniao empresa setor industria porte pequena coordenador operacoes disse utiliza principalmente modulo bi equipe validou escopo projeto proxima fase alem disso relatou sistema apresentou instabilidade momento critico operacao citou oracle netsuite fez contato oferecendo pacote similar proxima etapa sera consolidar requisitos priorizar entregas,1,0,1
395,T0396,2026-05-27 00:00:00,Serviços,Grande,Teams,RH,durante reuniao empresa setor servicos porte grande gerente projetos pontuou utiliza principalmente modulo rh alinhamento sobre proximos marcos cronograma alem disso demonstrou abertura piloto dashboard gerencial cliente quer reduzir trabalho manual centralizar dados unica plataforma time pediu acompanhamento quinzenal medir evolucao,0,0,0
396,T0397,2026-05-04 00:00:00,Saúde,Pequena,Teams,Fiscal,durante reuniao empresa setor saude porte pequena gerente projetos pontuou utiliza principalmente modulo fiscal feita retrospectiva entregas ultimo trimestre alem disso sinalizou disposicao investir novo modulo ainda ano equipe destacou importancia documentar bem processos internos proxima etapa sera consolidar requisitos priorizar entregas,0,1,0
397,T0398,2026-08-15 00:00:00,Tecnologia,Pequena,Zoom,CRM,durante reuniao empresa setor tecnologia porte pequena diretor ti ressaltou utiliza principalmente modulo crm equipe validou escopo projeto proxima fase alem disso demonstrou abertura piloto dashboard gerencial area negocio pediu alertas automaticos acompanhar desvios criticos partes alinharam retorno ate duas semanas,0,0,0
398,T0399,2026-08-02 00:00:00,Serviços,Média,,RH,durante reuniao empresa setor servicos porte media diretora financeira explicou utiliza principalmente modulo rh afirmou ja perdeu produtividade causa falhas recentes alem disso demonstrou abertura piloto dashboard gerencial comentou diretoria pediu benchmark totvs outros fornecedores mercado ficou combinado retornar plano acao nova demonstracao,1,0,1
399,T0400,2026-06-05 00:00:00,Distribuição,Pequena,Zoom,RH,durante reuniao empresa setor distribuicao porte pequena coordenador operacoes disse utiliza principalmente modulo rh discutidos responsaveis prazos proximos passos alem disso relatou lentidao horarios pico area negocio pediu alertas automaticos acompanhar desvios criticos ficou combinado retornar plano acao nova demonstracao,1,0,0
400,T0401,2026-06-04 00:00:00,Construção,Grande,Presencial,RH,durante reuniao empresa setor construcao porte grande gestor comentou utiliza principalmente modulo rh demonstrou interesse conhecer modulo manufatura alem disso relatou frustracao tempo resposta suporte tecnico informou processo cotacao linx ficou definido followup proxima quinzena,1,1,1
401,T0402,2026-06-28 00:00:00,Serviços,Grande,Teams,Analytics,durante reuniao empresa setor servicos porte grande analista financeiro pontuou utiliza principalmente modulo analytics revisao indicadores serao acompanhados alem disso equipe alinhou cronograma nova rodada testes conversa reforcou necessidade padronizacao cadastro qualidade dados ficou combinado retornar plano acao nova demonstracao,0,0,0
402,T0403,2026-04-14 00:00:00,Educação,Média,Zoom,Analytics,durante reuniao empresa setor educacao porte media gerente projetos pontuou utiliza principalmente modulo analytics demonstrou abertura piloto dashboard gerencial alem disso revisao indicadores serao acompanhados conversa reforcou necessidade padronizacao cadastro qualidade dados proxima etapa sera consolidar requisitos priorizar entregas,0,0,0
403,T0404,2026-07-12 00:00:00,Agronegócio,Grande,,ERP,durante reuniao empresa setor agronegocio porte grande analista financeiro pontuou utiliza principalmente modulo erp alinhamento sobre proximos marcos cronograma alem disso citou insatisfacao suporte ultimo mes ficou registrada necessidade revisar relatorios fiscais mensais ficou definido followup proxima quinzena reuniao hibrida audio trechos curtos frases interrompidas assim ficou claro desconforto falhas,1,0,0
404,T0405,2026-05-30 00:00:00,Agronegócio,Pequena,Zoom,Fluig,durante reuniao empresa setor agronegocio porte pequena gerente rh informou utiliza principalmente modulo fluig demonstrou abertura piloto dashboard gerencial alem disso mencionou risco cancelamento problema persistir lideranca quer evidencias quantitativas antes decidir expansao partes alinharam retorno ate duas semanas,1,0,0
405,T0406,2026-04-18 00:00:00,Saúde,Grande,Google Meet,Fiscal,durante reuniao empresa setor saude porte grande head tecnologia ressaltou utiliza principalmente modulo fiscal informou confianca equipe sistema caiu ultimos meses alem disso grupo revisou perfis acesso regras negocio time interno considera importante acelerar adocao usuarios finais ficou combinado retornar plano acao nova demonstracao,1,0,0
406,T0407,2026-08-08 00:00:00,Saúde,Grande,Zoom,Fiscal,durante reuniao empresa setor saude porte grande responsavel projeto destacou utiliza principalmente modulo fiscal mencionou contrato perto vencimento previsao renovacao alem disso quer integrar crm erp ainda neste semestre relatou concorrente ofereceu condicoes comerciais vantajosas escopo decisao dependera percepcao valor proximas semanas,1,1,1
407,T0408,2026-06-26 00:00:00,Varejo,Grande,Presencial,RH,durante reuniao empresa setor varejo porte grande gerente projetos pontuou utiliza principalmente modulo rh revisao indicadores serao acompanhados alem disso reuniao foco mapeamento processo atual lideranca quer evidencias quantitativas antes decidir expansao proxima etapa sera consolidar requisitos priorizar entregas,0,0,0
408,T0409,2026-06-20 00:00:00,Serviços,Média,,Fiscal,durante reuniao empresa setor servicos porte media equipe comercial observou utiliza principalmente modulo fiscal perguntou sobre possibilidade contratar modulo rh alem disso equipe alinhou cronograma nova rodada testes conversa reforcou necessidade padronizacao cadastro qualidade dados partes alinharam retorno ate duas semanas,0,1,0
409,T0410,2026-07-31 00:00:00,Logística,Média,Teams,RH,durante reuniao empresa setor logistica porte media responsavel projeto destacou utiliza principalmente modulo rh time revisou relatorios operacionais ultimo mes alem disso pediu proposta automacao processos ficou registrada necessidade revisar relatorios fiscais mensais ficou combinado retornar plano acao nova demonstracao,0,1,0
410,T0411,2026-06-03 00:00:00,Agronegócio,Média,Teams,Analytics,durante reuniao empresa setor agronegocio porte media diretora financeira explicou utiliza principalmente modulo analytics solicitou reuniao comercial tratar expansao escopo alem disso registrou atraso recorrente fechamento financeiro relatou concorrente ofereceu condicoes comerciais vantajosas escopo cliente espera melhoria perceptivel antes ampliar escopo,1,1,1
411,T0412,2026-06-10 00:00:00,Varejo,Pequena,,ERP,durante reuniao empresa setor varejo porte pequena analista ti afirmou utiliza principalmente modulo erp avaliando contratar modulo analytics alem disso comentou diretoria questiona valor entregue time tecnico reforcou importancia manter base dados atualizada partes alinharam retorno ate duas semanas,1,1,0
412,T0413,2026-05-15 00:00:00,Varejo,Pequena,,CRM,durante reuniao empresa setor varejo porte pequena gestor comentou utiliza principalmente modulo crm reuniao foco mapeamento processo atual alem disso time revisou relatorios operacionais ultimo mes time interno considera importante acelerar adocao usuarios finais partes alinharam retorno ate duas semanas,0,0,0
413,T0414,2026-08-19 00:00:00,Construção,Pequena,Google Meet,CRM,durante reuniao empresa setor construcao porte pequena supervisor fiscal comentou utiliza principalmente modulo crm grupo revisou perfis acesso regras negocio alem disso mencionou contrato perto vencimento previsao renovacao comentou diretoria pediu benchmark totvs outros fornecedores mercado partes alinharam retorno ate duas semanas,1,0,1
414,T0415,2026-06-11 00:00:00,Varejo,Pequena,,BI,durante reuniao empresa setor varejo porte pequena supervisor fiscal comentou utiliza principalmente modulo bi feita retrospectiva entregas ultimo trimestre alem disso demonstrou interesse ampliar numero licencas usuarios lideranca quer evidencias quantitativas antes decidir expansao ficou combinado retornar plano acao nova demonstracao,0,1,0
415,T0416,2026-05-09 00:00:00,Varejo,Pequena,Teams,Manufatura,durante reuniao empresa setor varejo porte pequena time atendimento apontou utiliza principalmente modulo manufatura avaliando contratar modulo analytics alem disso feita retrospectiva entregas ultimo trimestre ficou registrada necessidade revisar relatorios fiscais mensais decisao dependera percepcao valor proximas semanas,0,1,0
416,T0417,2026-05-12 00:00:00,Indústria,Pequena,Google Meet,CRM,durante reuniao empresa setor industria porte pequena gerente projetos pontuou utiliza principalmente modulo crm quer integrar crm erp ainda neste semestre alem disso revisao indicadores serao acompanhados citou oracle netsuite fez contato oferecendo pacote similar time pediu acompanhamento quinzenal medir evolucao,0,1,1
417,T0418,2026-07-15 00:00:00,Saúde,Média,,Financeiro,durante reuniao empresa setor saude porte media supervisor fiscal comentou utiliza principalmente modulo financeiro apresentado status atual plano implantacao alem disso equipe validou escopo projeto proxima fase lideranca quer evidencias quantitativas antes decidir expansao time pediu acompanhamento quinzenal medir evolucao,0,0,0
418,T0419,2026-04-21 00:00:00,Serviços,Grande,Google Meet,CRM,durante reuniao empresa setor servicos porte grande diretor ti ressaltou utiliza principalmente modulo crm demonstrou abertura piloto dashboard gerencial alem disso feita retrospectiva entregas ultimo trimestre area negocio pediu alertas automaticos acompanhar desvios criticos partes alinharam retorno ate duas semanas,0,0,0
419,T0420,2026-06-21 00:00:00,Construção,Grande,Google Meet,RH,durante reuniao empresa setor construcao porte grande diretor ti ressaltou utiliza principalmente modulo rh relatou sistema apresentou instabilidade momento critico operacao alem disso perguntou sobre possibilidade contratar modulo rh mencionou salesforce entrou contato oferecendo modulo crm ficou definido followup proxima quinzena,1,1,1
420,T0421,2026-06-04 00:00:00,Saúde,Pequena,Teams,Manufatura,durante reuniao empresa setor saude porte pequena diretora financeira explicou utiliza principalmente modulo manufatura relatou lentidao horarios pico alem disso mostrou interesse modulo fiscal relatorios inteligentes time tecnico reforcou importancia manter base dados atualizada cliente espera melhoria perceptivel antes ampliar escopo ha interesse poc analytics budget ainda depende aprovacao,1,1,0
421,T0422,2026-05-10 00:00:00,Saúde,Grande,Presencial,ERP,durante reuniao empresa setor saude porte grande gerente rh informou utiliza principalmente modulo erp equipe alinhou cronograma nova rodada testes alem disso time revisou relatorios operacionais ultimo mes comentou diretoria pediu benchmark totvs outros fornecedores mercado sugerida prova conceito validar aderencia,0,0,1
422,T0423,2026-06-23 00:00:00,Varejo,Média,,ERP,durante reuniao empresa setor varejo porte media coordenador operacoes disse utiliza principalmente modulo erp demonstrou abertura piloto dashboard gerencial alem disso perguntou sobre condicoes adicionar modulo fiscal contrato atual equipe destacou importancia documentar bem processos internos ficou definido followup proxima quinzena,0,1,0
423,T0424,2026-08-15 00:00:00,Construção,Média,Presencial,Fiscal,durante reuniao empresa setor construcao porte media gerente rh informou utiliza principalmente modulo fiscal alinhamento sobre proximos marcos cronograma alem disso validada necessidade treinamento usuarioschave lideranca quer evidencias quantitativas antes decidir expansao time pediu acompanhamento quinzenal medir evolucao,0,0,0
424,T0425,2026-05-05 00:00:00,Logística,Média,Presencial,Fiscal,durante reuniao empresa setor logistica porte media equipe comercial observou utiliza principalmente modulo fiscal disse recebeu reclamacoes internas sobre qualidade suporte alem disso solicitou reuniao comercial tratar expansao escopo existe expectativa ganho produtividade automacao fluxo aprovacao partes alinharam retorno ate duas semanas,1,1,0
425,T0426,2026-05-19 00:00:00,Serviços,Grande,Presencial,Manufatura,durante reuniao empresa setor servicos porte grande gerente rh informou utiliza principalmente modulo manufatura demonstrou abertura piloto dashboard gerencial alem disso time revisou relatorios operacionais ultimo mes area negocio pediu alertas automaticos acompanhar desvios criticos ficou combinado retornar plano acao nova demonstracao,0,0,0
426,T0427,2026-06-09 00:00:00,Construção,Grande,,ERP,durante reuniao empresa setor construcao porte grande analista ti afirmou utiliza principalmente modulo erp feita retrospectiva entregas ultimo trimestre alem disso solicitou apresentacao funcionalidades avancadas bi cliente quer reduzir trabalho manual centralizar dados unica plataforma sugerida prova conceito validar aderencia,0,1,0
427,T0428,2026-08-04 00:00:00,Distribuição,Média,Zoom,BI,durante reuniao empresa setor distribuicao porte media equipe comercial observou utiliza principalmente modulo bi reuniao foco mapeamento processo atual alem disso discutidos responsaveis prazos proximos passos cliente mencionou avaliando proposta comercial sap decisao dependera percepcao valor proximas semanas,0,0,1
428,T0429,2026-05-09 00:00:00,Indústria,Média,Teams,Fluig,durante reuniao empresa setor industria porte media analista ti afirmou utiliza principalmente modulo fluig cliente pediu documentacao tecnica complementar alem disso alinhamento sobre proximos marcos cronograma mencionou salesforce entrou contato oferecendo modulo crm ficou definido followup proxima quinzena,0,0,1
429,T0430,2026-05-08 00:00:00,Indústria,Média,Presencial,Analytics,durante reuniao empresa setor industria porte media coordenador operacoes disse utiliza principalmente modulo analytics pediu proposta automacao processos alem disso disse recebeu reclamacoes internas sobre qualidade suporte lideranca quer evidencias quantitativas antes decidir expansao partes alinharam retorno ate duas semanas,1,1,0
430,T0431,2026-07-23 00:00:00,Distribuição,Grande,Zoom,Financeiro,durante reuniao empresa setor distribuicao porte grande time atendimento apontou utiliza principalmente modulo financeiro discutidos responsaveis prazos proximos passos alem disso relatou lentidao horarios pico comentou diretoria pediu benchmark totvs outros fornecedores mercado partes alinharam retorno ate duas semanas,1,0,1
431,T0432,2026-04-11 00:00:00,Tecnologia,Grande,Zoom,ERP,durante reuniao empresa setor tecnologia porte grande time atendimento apontou utiliza principalmente modulo erp declarou diretoria avalia suspender uso sistema alem disso solicitou apresentacao funcionalidades avancadas bi existe expectativa ganho produtividade automacao fluxo aprovacao ficou combinado retornar plano acao nova demonstracao,1,1,0
432,T0433,2026-06-10 00:00:00,Agronegócio,Pequena,Presencial,Financeiro,durante reuniao empresa setor agronegocio porte pequena equipe comercial observou utiliza principalmente modulo financeiro citou insatisfacao suporte ultimo mes alem disso equipe validou escopo projeto proxima fase comentou recebeu cotacao senior sistemas condicoes atrativas time pediu acompanhamento quinzenal medir evolucao,1,0,1
433,T0434,2026-06-26 00:00:00,Indústria,Pequena,Google Meet,BI,durante reuniao empresa setor industria porte pequena analista financeiro pontuou utiliza principalmente modulo bi alinhamento sobre proximos marcos cronograma alem disso mencionou nivel servico abaixo combinado contrato cliente quer reduzir trabalho manual centralizar dados unica plataforma ficou definido followup proxima quinzena,1,0,0
434,T0435,2026-07-22 00:00:00,Distribuição,Pequena,Presencial,Fluig,durante reuniao empresa setor distribuicao porte pequena analista financeiro pontuou utiliza principalmente modulo fluig cliente pediu documentacao tecnica complementar alem disso demonstrou abertura piloto dashboard gerencial ficou registrada necessidade revisar relatorios fiscais mensais ficou definido followup proxima quinzena,0,0,0
435,T0436,2026-08-18 00:00:00,Logística,Média,Presencial,ERP,durante reuniao empresa setor logistica porte media gerente projetos pontuou utiliza principalmente modulo erp equipe validou escopo projeto proxima fase alem disso feita retrospectiva entregas ultimo trimestre conversa reforcou necessidade padronizacao cadastro qualidade dados sugerida prova conceito validar aderencia,0,0,0
436,T0437,2026-08-08 00:00:00,Serviços,Grande,Teams,Protheus,durante reuniao empresa setor servicos porte grande supervisor fiscal comentou utiliza principalmente modulo protheus grupo revisou perfis acesso regras negocio alem disso feita retrospectiva entregas ultimo trimestre tambem apareceu necessidade melhorar visibilidade indicadores diretoria proxima etapa sera consolidar requisitos priorizar entregas,0,0,0
437,T0438,2026-08-06 00:00:00,Tecnologia,Pequena,,ERP,durante reuniao empresa setor tecnologia porte pequena gestor comentou utiliza principalmente modulo erp sinalizou disposicao investir novo modulo ainda ano alem disso apresentado status atual plano implantacao conversa reforcou necessidade padronizacao cadastro qualidade dados proxima etapa sera consolidar requisitos priorizar entregas,0,1,0
438,T0439,2026-04-09 00:00:00,Distribuição,Pequena,Presencial,Financeiro,durante reuniao empresa setor distribuicao porte pequena diretora financeira explicou utiliza principalmente modulo financeiro citou insatisfacao suporte ultimo mes alem disso equipe validou escopo projeto proxima fase comentou diretoria pediu benchmark totvs outros fornecedores mercado decisao dependera percepcao valor proximas semanas usuarios disseram processo atual manual lento pouco confiavel,1,0,1
439,T0440,2026-05-24 00:00:00,Varejo,Pequena,Presencial,Protheus,durante reuniao empresa setor varejo porte pequena gestor comentou utiliza principalmente modulo protheus sinalizou disposicao investir novo modulo ainda ano alem disso feita retrospectiva entregas ultimo trimestre existe expectativa ganho produtividade automacao fluxo aprovacao decisao dependera percepcao valor proximas semanas,0,1,0
440,T0441,2026-05-26 00:00:00,Tecnologia,Pequena,Zoom,Financeiro,durante reuniao empresa setor tecnologia porte pequena coordenador operacoes disse utiliza principalmente modulo financeiro equipe alinhou cronograma nova rodada testes alem disso listadas pendencias proxima sprint relatou concorrente ofereceu condicoes comerciais vantajosas escopo ficou combinado retornar plano acao nova demonstracao,0,0,1
441,T0442,2026-04-28 00:00:00,Agronegócio,Média,Presencial,Manufatura,durante reuniao empresa setor agronegocio porte media head tecnologia ressaltou utiliza principalmente modulo manufatura demonstrou abertura piloto dashboard gerencial alem disso validada necessidade treinamento usuarioschave time tecnico reforcou importancia manter base dados atualizada partes alinharam retorno ate duas semanas,0,0,0
442,T0443,2026-06-30 00:00:00,Logística,Grande,Google Meet,Fluig,durante reuniao empresa setor logistica porte grande analista ti afirmou utiliza principalmente modulo fluig alinhamento sobre proximos marcos cronograma alem disso apresentado status atual plano implantacao tambem apareceu necessidade melhorar visibilidade indicadores diretoria ficou combinado retornar plano acao nova demonstracao,0,0,0
443,T0444,2026-06-05 00:00:00,Logística,Média,Presencial,Manufatura,durante reuniao empresa setor logistica porte media equipe comercial observou utiliza principalmente modulo manufatura cliente pediu documentacao tecnica complementar alem disso citou insatisfacao suporte ultimo mes time tecnico reforcou importancia manter base dados atualizada sugerida prova conceito validar aderencia,1,0,0
444,T0445,2026-06-20 00:00:00,Indústria,Grande,Google Meet,Fiscal,durante reuniao empresa setor industria porte grande coordenador operacoes disse utiliza principalmente modulo fiscal avaliando contratar modulo analytics alem disso mencionou nivel servico abaixo combinado contrato mencionado concorrencia apresentou proposta agressiva ficou definido followup proxima quinzena,1,1,1
445,T0446,2026-05-30 00:00:00,Construção,Média,Zoom,RH,durante reuniao empresa setor construcao porte media analista ti afirmou utiliza principalmente modulo rh disse time sobrecarregado retrabalho alem disso mostrou interesse modulo fiscal relatorios inteligentes ficou registrada necessidade revisar relatorios fiscais mensais sugerida prova conceito validar aderencia,1,1,0
446,T0447,2026-04-25 00:00:00,Agronegócio,Grande,Google Meet,Protheus,durante reuniao empresa setor agronegocio porte grande analista financeiro pontuou utiliza principalmente modulo protheus alinhamento sobre proximos marcos cronograma alem disso equipe validou escopo projeto proxima fase conversa reforcou necessidade padronizacao cadastro qualidade dados cliente espera melhoria perceptivel antes ampliar escopo,0,0,0
447,T0448,2026-05-01 00:00:00,Distribuição,Grande,,Protheus,durante reuniao empresa setor distribuicao porte grande diretor ti ressaltou utiliza principalmente modulo protheus relatou sistema apresentou instabilidade momento critico operacao alem disso reuniao foco mapeamento processo atual time tecnico reforcou importancia manter base dados atualizada cliente espera melhoria perceptivel antes ampliar escopo,1,0,0
448,T0449,2026-05-10 00:00:00,Indústria,Grande,Presencial,CRM,durante reuniao empresa setor industria porte grande lider operacoes declarou utiliza principalmente modulo crm mostrou interesse modulo fiscal relatorios inteligentes alem disso equipe alinhou cronograma nova rodada testes lideranca quer evidencias quantitativas antes decidir expansao partes alinharam retorno ate duas semanas,0,1,0
449,T0450,2026-08-19 00:00:00,Serviços,Média,Zoom,Manufatura,durante reuniao empresa setor servicos porte media coordenador operacoes disse utiliza principalmente modulo manufatura alinhamento sobre proximos marcos cronograma alem disso afirmou ja perdeu produtividade causa falhas recentes cliente quer reduzir trabalho manual centralizar dados unica plataforma ficou definido followup proxima quinzena,1,0,0
450,T0451,2026-08-13 00:00:00,Distribuição,Pequena,Zoom,ERP,durante reuniao empresa setor distribuicao porte pequena lider operacoes declarou utiliza principalmente modulo erp grupo revisou perfis acesso regras negocio alem disso listadas pendencias proxima sprint cliente mencionou avaliando proposta comercial sap partes alinharam retorno ate duas semanas,0,0,1
451,T0452,2026-04-07 00:00:00,Construção,Pequena,Google Meet,RH,durante reuniao empresa setor construcao porte pequena gerente projetos pontuou utiliza principalmente modulo rh comentou equipe pouco engajada continuar usando ferramenta alem disso avaliando contratar modulo analytics existe expectativa ganho produtividade automacao fluxo aprovacao ficou combinado retornar plano acao nova demonstracao,1,1,0
452,T0453,2026-04-29 00:00:00,Indústria,Pequena,,BI,durante reuniao empresa setor industria porte pequena gerente projetos pontuou utiliza principalmente modulo bi declarou diretoria avalia suspender uso sistema alem disso reuniao foco mapeamento processo atual conversa reforcou necessidade padronizacao cadastro qualidade dados decisao dependera percepcao valor proximas semanas,1,0,0
453,T0454,2026-05-23 00:00:00,Tecnologia,Grande,Google Meet,Fiscal,durante reuniao empresa setor tecnologia porte grande time atendimento apontou utiliza principalmente modulo fiscal reclamou falhas integracao sistemas alem disso sinalizou possibilidade upgrade contrato equipe destacou importancia documentar bem processos internos cliente espera melhoria perceptivel antes ampliar escopo,1,1,0
454,T0455,2026-06-09 00:00:00,Indústria,Média,Zoom,Analytics,durante reuniao empresa setor industria porte media analista ti afirmou utiliza principalmente modulo analytics avaliou contratar consultoria adicional acelerar implantacao alem disso relatou frustracao tempo resposta suporte tecnico existe expectativa ganho produtividade automacao fluxo aprovacao decisao dependera percepcao valor proximas semanas,1,1,0
455,T0456,2026-04-26 00:00:00,Logística,Média,,Fiscal,durante reuniao empresa setor logistica porte media diretora financeira explicou utiliza principalmente modulo fiscal pediu proposta automacao processos alem disso equipe alinhou cronograma nova rodada testes time tecnico reforcou importancia manter base dados atualizada cliente espera melhoria perceptivel antes ampliar escopo diretoria pediu visao consolidada indicadores especialmente receita margem inadimplencia,0,1,0
456,T0457,2026-04-05 00:00:00,Logística,Grande,Google Meet,Fluig,durante reuniao empresa setor logistica porte grande diretor ti ressaltou utiliza principalmente modulo fluig declarou diretoria avalia suspender uso sistema alem disso equipe alinhou cronograma nova rodada testes existe expectativa ganho produtividade automacao fluxo aprovacao decisao dependera percepcao valor proximas semanas,1,0,0
457,T0458,2026-06-11 00:00:00,Distribuição,Pequena,Google Meet,Manufatura,durante reuniao empresa setor distribuicao porte pequena diretor ti ressaltou utiliza principalmente modulo manufatura demonstrou abertura piloto dashboard gerencial alem disso validada necessidade treinamento usuarioschave relatou concorrente ofereceu condicoes comerciais vantajosas escopo ficou combinado retornar plano acao nova demonstracao,0,0,1
458,T0459,2026-06-24 00:00:00,Varejo,Grande,Teams,Financeiro,durante reuniao empresa setor varejo porte grande diretor ti ressaltou utiliza principalmente modulo financeiro equipe validou escopo projeto proxima fase alem disso demonstrou abertura piloto dashboard gerencial comentou recebeu cotacao senior sistemas condicoes atrativas decisao dependera percepcao valor proximas semanas,0,0,1
459,T0460,2026-05-08 00:00:00,Agronegócio,Pequena,Google Meet,Analytics,durante reuniao empresa setor agronegocio porte pequena coordenador operacoes disse utiliza principalmente modulo analytics time revisou relatorios operacionais ultimo mes alem disso discutidos responsaveis prazos proximos passos cliente quer reduzir trabalho manual centralizar dados unica plataforma time pediu acompanhamento quinzenal medir evolucao,0,0,0
460,T0461,2026-07-15 00:00:00,Serviços,Média,Presencial,ERP,durante reuniao empresa setor servicos porte media cliente relatou utiliza principalmente modulo erp quer integrar crm erp ainda neste semestre alem disso disse time sobrecarregado retrabalho comentou recebeu cotacao senior sistemas condicoes atrativas cliente espera melhoria perceptivel antes ampliar escopo,1,1,1
461,T0462,2026-05-30 00:00:00,Agronegócio,Pequena,Teams,Protheus,durante reuniao empresa setor agronegocio porte pequena gestor comentou utiliza principalmente modulo protheus mostrou interesse modulo fiscal relatorios inteligentes alem disso time revisou relatorios operacionais ultimo mes cliente quer reduzir trabalho manual centralizar dados unica plataforma ficou definido followup proxima quinzena,0,1,0
462,T0463,2026-05-06 00:00:00,Educação,Pequena,Teams,Protheus,durante reuniao empresa setor educacao porte pequena analista ti afirmou utiliza principalmente modulo protheus mencionou risco cancelamento problema persistir alem disso cliente pediu documentacao tecnica complementar time interno considera importante acelerar adocao usuarios finais ficou combinado retornar plano acao nova demonstracao,1,0,0
463,T0464,2026-08-04 00:00:00,Logística,Média,Teams,Manufatura,durante reuniao empresa setor logistica porte media analista ti afirmou utiliza principalmente modulo manufatura citou insatisfacao suporte ultimo mes alem disso equipe validou escopo projeto proxima fase tambem apareceu necessidade melhorar visibilidade indicadores diretoria partes alinharam retorno ate duas semanas,1,0,0
464,T0465,2026-04-10 00:00:00,Tecnologia,Pequena,Presencial,CRM,durante reuniao empresa setor tecnologia porte pequena gerente projetos pontuou utiliza principalmente modulo crm reuniao foco mapeamento processo atual alem disso equipe alinhou cronograma nova rodada testes existe expectativa ganho produtividade automacao fluxo aprovacao partes alinharam retorno ate duas semanas,0,0,0
465,T0466,2026-07-11 00:00:00,Construção,Média,Presencial,BI,durante reuniao empresa setor construcao porte media analista ti afirmou utiliza principalmente modulo bi equipe validou escopo projeto proxima fase alem disso manifestou interesse expandir uso sistema outras unidades relatou concorrente ofereceu condicoes comerciais vantajosas escopo sugerida prova conceito validar aderencia,0,1,1
466,T0467,2026-05-17 00:00:00,Agronegócio,Grande,,BI,durante reuniao empresa setor agronegocio porte grande analista ti afirmou utiliza principalmente modulo bi sinalizou disposicao investir novo modulo ainda ano alem disso grupo revisou perfis acesso regras negocio existe expectativa ganho produtividade automacao fluxo aprovacao sugerida prova conceito validar aderencia,0,1,0
467,T0468,2026-04-24 00:00:00,Construção,Média,Teams,Analytics,durante reuniao empresa setor construcao porte media diretora financeira explicou utiliza principalmente modulo analytics validada necessidade treinamento usuarioschave alem disso time revisou relatorios operacionais ultimo mes tambem apareceu necessidade melhorar visibilidade indicadores diretoria proxima etapa sera consolidar requisitos priorizar entregas,0,0,0
468,T0469,2026-05-11 00:00:00,Serviços,Grande,Presencial,Protheus,durante reuniao empresa setor servicos porte grande lider operacoes declarou utiliza principalmente modulo protheus grupo revisou perfis acesso regras negocio alem disso afirmou usuarios evitam usar algumas telas complexidade cliente quer reduzir trabalho manual centralizar dados unica plataforma sugerida prova conceito validar aderencia,1,0,0
469,T0470,2026-07-24 00:00:00,Construção,Grande,Teams,Analytics,durante reuniao empresa setor construcao porte grande head tecnologia ressaltou utiliza principalmente modulo analytics equipe alinhou cronograma nova rodada testes alem disso avaliando contratar modulo analytics citou oracle netsuite fez contato oferecendo pacote similar cliente espera melhoria perceptivel antes ampliar escopo,0,1,1
470,T0471,2026-08-05 00:00:00,Distribuição,Pequena,,CRM,durante reuniao empresa setor distribuicao porte pequena time atendimento apontou utiliza principalmente modulo crm revisao indicadores serao acompanhados alem disso listadas pendencias proxima sprint mencionado concorrencia apresentou proposta agressiva ficou combinado retornar plano acao nova demonstracao,0,0,1
471,T0472,2026-05-24 00:00:00,Indústria,Pequena,Teams,Protheus,durante reuniao empresa setor industria porte pequena diretor ti ressaltou utiliza principalmente modulo protheus reuniao foco mapeamento processo atual alem disso informou confianca equipe sistema caiu ultimos meses existe expectativa ganho produtividade automacao fluxo aprovacao decisao dependera percepcao valor proximas semanas,1,0,0
472,T0473,2026-05-12 00:00:00,Construção,Grande,,RH,durante reuniao empresa setor construcao porte grande lider operacoes declarou utiliza principalmente modulo rh mencionou nivel servico abaixo combinado contrato alem disso pediu proposta automacao processos equipe destacou importancia documentar bem processos internos time pediu acompanhamento quinzenal medir evolucao,1,1,0
473,T0474,2026-07-07 00:00:00,Saúde,Média,,Analytics,durante reuniao empresa setor saude porte media responsavel projeto destacou utiliza principalmente modulo analytics avaliando contratar modulo analytics alem disso disse recebeu reclamacoes internas sobre qualidade suporte lideranca quer evidencias quantitativas antes decidir expansao time pediu acompanhamento quinzenal medir evolucao,1,1,0
474,T0475,2026-04-28 00:00:00,Agronegócio,Grande,,Analytics,durante reuniao empresa setor agronegocio porte grande time atendimento apontou utiliza principalmente modulo analytics time revisou relatorios operacionais ultimo mes alem disso feita retrospectiva entregas ultimo trimestre area negocio pediu alertas automaticos acompanhar desvios criticos time pediu acompanhamento quinzenal medir evolucao,0,0,0
475,T0476,2026-08-06 00:00:00,Tecnologia,Grande,Presencial,CRM,durante reuniao empresa setor tecnologia porte grande lider operacoes declarou utiliza principalmente modulo crm equipe validou escopo projeto proxima fase alem disso demonstrou abertura piloto dashboard gerencial lideranca quer evidencias quantitativas antes decidir expansao ficou combinado retornar plano acao nova demonstracao diretoria pediu visao consolidada indicadores especialmente receita margem inadimplencia,0,0,0
476,T0477,2026-05-24 00:00:00,Agronegócio,Média,Presencial,Protheus,durante reuniao empresa setor agronegocio porte media gestor comentou utiliza principalmente modulo protheus discutidos responsaveis prazos proximos passos alem disso grupo revisou perfis acesso regras negocio existe expectativa ganho produtividade automacao fluxo aprovacao ficou combinado retornar plano acao nova demonstracao,0,0,0
477,T0478,2026-08-19 00:00:00,Logística,Pequena,Zoom,Fluig,durante reuniao empresa setor logistica porte pequena gestor comentou utiliza principalmente modulo fluig sinalizou possibilidade upgrade contrato alem disso relatou sistema apresentou instabilidade momento critico operacao revelou sankhya ofereceu desconto agressivo possivel migracao time pediu acompanhamento quinzenal medir evolucao,1,1,1
478,T0479,2026-04-10 00:00:00,Educação,Média,Teams,CRM,durante reuniao empresa setor educacao porte media head tecnologia ressaltou utiliza principalmente modulo crm feita retrospectiva entregas ultimo trimestre alem disso discutidos responsaveis prazos proximos passos ficou registrada necessidade revisar relatorios fiscais mensais partes alinharam retorno ate duas semanas,0,0,0
479,T0480,2026-06-20 00:00:00,Tecnologia,Grande,Zoom,Financeiro,durante reuniao empresa setor tecnologia porte grande supervisor fiscal comentou utiliza principalmente modulo financeiro mencionou contrato perto vencimento previsao renovacao alem disso alinhamento sobre proximos marcos cronograma conversa reforcou necessidade padronizacao cadastro qualidade dados sugerida prova conceito validar aderencia,1,0,0
480,T0481,2026-05-13 00:00:00,Agronegócio,Grande,Presencial,BI,durante reuniao empresa setor agronegocio porte grande supervisor fiscal comentou utiliza principalmente modulo bi relatou lentidao horarios pico alem disso feita retrospectiva entregas ultimo trimestre tambem apareceu necessidade melhorar visibilidade indicadores diretoria cliente espera melhoria perceptivel antes ampliar escopo,1,0,0
481,T0482,2026-06-17 00:00:00,Distribuição,Grande,Google Meet,BI,durante reuniao empresa setor distribuicao porte grande diretora financeira explicou utiliza principalmente modulo bi alinhamento sobre proximos marcos cronograma alem disso informou confianca equipe sistema caiu ultimos meses time interno considera importante acelerar adocao usuarios finais proxima etapa sera consolidar requisitos priorizar entregas,1,0,0
482,T0483,2026-05-19 00:00:00,Logística,Média,,ERP,durante reuniao empresa setor logistica porte media lider operacoes declarou utiliza principalmente modulo erp demonstrou abertura piloto dashboard gerencial alem disso mencionou contrato perto vencimento previsao renovacao time tecnico reforcou importancia manter base dados atualizada sugerida prova conceito validar aderencia,1,0,0
483,T0484,2026-04-30 00:00:00,Indústria,Média,Zoom,RH,durante reuniao empresa setor industria porte media gerente projetos pontuou utiliza principalmente modulo rh registrou atraso recorrente fechamento financeiro alem disso pediu proposta comercial modulo business intelligence existe expectativa ganho produtividade automacao fluxo aprovacao proxima etapa sera consolidar requisitos priorizar entregas,1,1,0
484,T0485,2026-06-19 00:00:00,Distribuição,Média,Teams,Financeiro,durante reuniao empresa setor distribuicao porte media responsavel projeto destacou utiliza principalmente modulo financeiro perguntou sobre possibilidade contratar modulo rh alem disso discutidos responsaveis prazos proximos passos ficou registrada necessidade revisar relatorios fiscais mensais proxima etapa sera consolidar requisitos priorizar entregas,0,1,0
485,T0486,2026-08-10 00:00:00,Saúde,Pequena,,Fluig,durante reuniao empresa setor saude porte pequena coordenador operacoes disse utiliza principalmente modulo fluig perguntou sobre possibilidade contratar modulo rh alem disso mencionou contrato perto vencimento previsao renovacao lideranca quer evidencias quantitativas antes decidir expansao ficou combinado retornar plano acao nova demonstracao,1,1,0
486,T0487,2026-04-13 00:00:00,Educação,Pequena,Presencial,Protheus,durante reuniao empresa setor educacao porte pequena diretora financeira explicou utiliza principalmente modulo protheus reuniao foco mapeamento processo atual alem disso relatou sistema apresentou instabilidade momento critico operacao area negocio pediu alertas automaticos acompanhar desvios criticos partes alinharam retorno ate duas semanas,1,0,0
487,T0488,2026-07-24 00:00:00,Agronegócio,Média,Google Meet,Fluig,durante reuniao empresa setor agronegocio porte media gerente projetos pontuou utiliza principalmente modulo fluig time revisou relatorios operacionais ultimo mes alem disso equipe alinhou cronograma nova rodada testes ficou registrada necessidade revisar relatorios fiscais mensais sugerida prova conceito validar aderencia diretoria pediu visao consolidada indicadores especialmente receita margem inadimplencia,0,0,0
488,T0489,2026-07-29 00:00:00,Varejo,Pequena,Teams,BI,durante reuniao empresa setor varejo porte pequena gerente projetos pontuou utiliza principalmente modulo bi relatou frustracao tempo resposta suporte tecnico alem disso avaliou contratar consultoria adicional acelerar implantacao cliente quer reduzir trabalho manual centralizar dados unica plataforma time pediu acompanhamento quinzenal medir evolucao,1,1,0
489,T0490,2026-07-31 00:00:00,Saúde,Média,Presencial,CRM,durante reuniao empresa setor saude porte media gerente projetos pontuou utiliza principalmente modulo crm demonstrou abertura piloto dashboard gerencial alem disso cliente pediu documentacao tecnica complementar comentou recebeu cotacao senior sistemas condicoes atrativas proxima etapa sera consolidar requisitos priorizar entregas,0,0,1
490,T0491,2026-04-19 00:00:00,Construção,Grande,Presencial,Manufatura,durante reuniao empresa setor construcao porte grande supervisor fiscal comentou utiliza principalmente modulo manufatura equipe alinhou cronograma nova rodada testes alem disso sinalizou disposicao investir novo modulo ainda ano time tecnico reforcou importancia manter base dados atualizada sugerida prova conceito validar aderencia,0,1,0
491,T0492,2026-07-20 00:00:00,Serviços,Grande,Google Meet,Fiscal,durante reuniao empresa setor servicos porte grande analista financeiro pontuou utiliza principalmente modulo fiscal pediu proposta automacao processos alem disso comentou diretoria questiona valor entregue equipe destacou importancia documentar bem processos internos ficou definido followup proxima quinzena obs: mencao dashboard tempo real necessidade integracao via api,1,1,0
492,T0493,2026-05-16 00:00:00,Construção,Média,Zoom,RH,durante reuniao empresa setor construcao porte media diretora financeira explicou utiliza principalmente modulo rh apresentado status atual plano implantacao alem disso equipe validou escopo projeto proxima fase tambem apareceu necessidade melhorar visibilidade indicadores diretoria ficou definido followup proxima quinzena,0,0,0
493,T0494,2026-04-01 00:00:00,Educação,Grande,Teams,CRM,durante reuniao empresa setor educacao porte grande coordenador operacoes disse utiliza principalmente modulo crm declarou diretoria avalia suspender uso sistema alem disso demonstrou interesse conhecer modulo manufatura revelou sankhya ofereceu desconto agressivo possivel migracao ficou combinado retornar plano acao nova demonstracao,1,1,1
494,T0495,2026-06-17 00:00:00,Serviços,Grande,Google Meet,Analytics,durante reuniao empresa setor servicos porte grande supervisor fiscal comentou utiliza principalmente modulo analytics mencionou risco cancelamento problema persistir alem disso equipe validou escopo projeto proxima fase cliente quer reduzir trabalho manual centralizar dados unica plataforma decisao dependera percepcao valor proximas semanas time citou churn risco caso sla suporte nao melhore,1,0,0
495,T0496,2026-04-29 00:00:00,Construção,Pequena,Teams,Manufatura,durante reuniao empresa setor construcao porte pequena analista financeiro pontuou utiliza principalmente modulo manufatura relatou sistema apresentou instabilidade momento critico operacao alem disso apresentado status atual plano implantacao area negocio pediu alertas automaticos acompanhar desvios criticos partes alinharam retorno ate duas semanas,1,0,0
496,T0497,2026-05-19 00:00:00,Tecnologia,Média,Google Meet,Manufatura,durante reuniao empresa setor tecnologia porte media cliente relatou utiliza principalmente modulo manufatura apresentado status atual plano implantacao alem disso cliente pediu documentacao tecnica complementar cliente quer reduzir trabalho manual centralizar dados unica plataforma cliente espera melhoria perceptivel antes ampliar escopo diretoria pediu visao consolidada indicadores especialmente receita margem inadimplencia,0,0,0
497,T0498,2026-05-05 00:00:00,Saúde,Pequena,Presencial,CRM,durante reuniao empresa setor saude porte pequena head tecnologia ressaltou utiliza principalmente modulo crm equipe validou escopo projeto proxima fase alem disso afirmou ja perdeu produtividade causa falhas recentes ficou registrada necessidade revisar relatorios fiscais mensais partes alinharam retorno ate duas semanas,1,0,0
498,T0499,2026-04-02 00:00:00,Agronegócio,Média,Teams,Fiscal,durante reuniao empresa setor agronegocio porte media responsavel projeto destacou utiliza principalmente modulo fiscal sinalizou disposicao investir novo modulo ainda ano alem disso discutidos responsaveis prazos proximos passos mencionado concorrencia apresentou proposta agressiva cliente espera melhoria perceptivel antes ampliar escopo,0,1,1
499,T0500,2026-04-21 00:00:00,Educação,Grande,,ERP,durante reuniao empresa setor educacao porte grande time atendimento apontou utiliza principalmente modulo erp discutidos responsaveis prazos proximos passos alem disso mostrou interesse modulo fiscal relatorios inteligentes time interno considera importante acelerar adocao usuarios finais ficou definido followup proxima quinzena,0,1,0
500,T0501,2026-08-17 00:00:00,Agronegócio,Média,,Protheus,durante reuniao empresa setor agronegocio porte media head tecnologia ressaltou utiliza principalmente modulo protheus discutidos responsaveis prazos proximos passos alem disso grupo revisou perfis acesso regras negocio ficou registrada necessidade revisar relatorios fiscais mensais ficou definido followup proxima quinzena,0,0,0
501,T0502,2026-06-15 00:00:00,Construção,Pequena,Zoom,RH,durante reuniao empresa setor construcao porte pequena analista financeiro pontuou utiliza principalmente modulo rh cliente pediu documentacao tecnica complementar alem disso time revisou relatorios operacionais ultimo mes existe expectativa ganho produtividade automacao fluxo aprovacao ficou definido followup proxima quinzena,0,0,0
502,T0503,2026-04-07 00:00:00,Construção,Média,Zoom,BI,durante reuniao empresa setor construcao porte media coordenador operacoes disse utiliza principalmente modulo bi validada necessidade treinamento usuarioschave alem disso alinhamento sobre proximos marcos cronograma citou oracle netsuite fez contato oferecendo pacote similar sugerida prova conceito validar aderencia,0,0,1
503,T0504,2026-05-15 00:00:00,Agronegócio,Grande,Teams,CRM,durante reuniao empresa setor agronegocio porte grande gestor comentou utiliza principalmente modulo crm perguntou sobre possibilidade contratar modulo rh alem disso afirmou usuarios evitam usar algumas telas complexidade ficou registrada necessidade revisar relatorios fiscais mensais sugerida prova conceito validar aderencia,1,1,0
504,T0505,2026-05-08 00:00:00,Agronegócio,Pequena,Presencial,Manufatura,durante reuniao empresa setor agronegocio porte pequena lider operacoes declarou utiliza principalmente modulo manufatura demonstrou interesse conhecer modulo manufatura alem disso equipe alinhou cronograma nova rodada testes comentou recebeu cotacao senior sistemas condicoes atrativas ficou combinado retornar plano acao nova demonstracao,0,1,1
505,T0506,2026-04-30 00:00:00,Indústria,Pequena,Presencial,Manufatura,durante reuniao empresa setor industria porte pequena time atendimento apontou utiliza principalmente modulo manufatura revisao indicadores serao acompanhados alem disso manifestou interesse expandir uso sistema outras unidades informou processo cotacao linx partes alinharam retorno ate duas semanas,0,1,1
506,T0507,2026-07-24 00:00:00,Serviços,Grande,Google Meet,Fiscal,durante reuniao empresa setor servicos porte grande diretor ti ressaltou utiliza principalmente modulo fiscal citou insatisfacao suporte ultimo mes alem disso validada necessidade treinamento usuarioschave informou processo cotacao linx decisao dependera percepcao valor proximas semanas,1,0,1
507,T0508,2026-07-10 00:00:00,Varejo,Grande,Teams,RH,durante reuniao empresa setor varejo porte grande lider operacoes declarou utiliza principalmente modulo rh pediu proposta comercial modulo business intelligence alem disso disse time sobrecarregado retrabalho tambem apareceu necessidade melhorar visibilidade indicadores diretoria cliente espera melhoria perceptivel antes ampliar escopo,1,1,0
508,T0509,2026-04-27 00:00:00,Varejo,Média,Teams,ERP,durante reuniao empresa setor varejo porte media responsavel projeto destacou utiliza principalmente modulo erp reuniao foco mapeamento processo atual alem disso solicitou apresentacao funcionalidades avancadas bi cliente mencionou avaliando proposta comercial sap cliente espera melhoria perceptivel antes ampliar escopo,0,1,1
509,T0510,2026-05-02 00:00:00,Saúde,Pequena,,BI,durante reuniao empresa setor saude porte pequena analista ti afirmou utiliza principalmente modulo bi alinhamento sobre proximos marcos cronograma alem disso apresentado status atual plano implantacao conversa reforcou necessidade padronizacao cadastro qualidade dados sugerida prova conceito validar aderencia,0,0,0
510,T0511,2026-06-10 00:00:00,Serviços,Grande,Google Meet,ERP,durante reuniao empresa setor servicos porte grande cliente relatou utiliza principalmente modulo erp alinhamento sobre proximos marcos cronograma alem disso validada necessidade treinamento usuarioschave existe expectativa ganho produtividade automacao fluxo aprovacao partes alinharam retorno ate duas semanas,0,0,0
511,T0512,2026-05-16 00:00:00,Varejo,Pequena,Presencial,Financeiro,durante reuniao empresa setor varejo porte pequena supervisor fiscal comentou utiliza principalmente modulo financeiro demonstrou interesse conhecer modulo manufatura alem disso demonstrou abertura piloto dashboard gerencial conversa reforcou necessidade padronizacao cadastro qualidade dados sugerida prova conceito validar aderencia,0,1,0
512,T0513,2026-07-23 00:00:00,Construção,Pequena,Zoom,Analytics,durante reuniao empresa setor construcao porte pequena diretora financeira explicou utiliza principalmente modulo analytics equipe validou escopo projeto proxima fase alem disso time revisou relatorios operacionais ultimo mes comentou diretoria pediu benchmark totvs outros fornecedores mercado cliente espera melhoria perceptivel antes ampliar escopo,0,0,1
513,T0514,2026-07-09 00:00:00,Construção,Pequena,Google Meet,Manufatura,durante reuniao empresa setor construcao porte pequena supervisor fiscal comentou utiliza principalmente modulo manufatura mencionou risco cancelamento problema persistir alem disso discutidos responsaveis prazos proximos passos ficou registrada necessidade revisar relatorios fiscais mensais partes alinharam retorno ate duas semanas,1,0,0
514,T0515,2026-05-28 00:00:00,Indústria,Média,Presencial,Analytics,durante reuniao empresa setor industria porte media supervisor fiscal comentou utiliza principalmente modulo analytics discutidos responsaveis prazos proximos passos alem disso grupo revisou perfis acesso regras negocio citou oracle netsuite fez contato oferecendo pacote similar partes alinharam retorno ate duas semanas diretoria pediu visao consolidada indicadores especialmente receita margem inadimplencia,0,0,1
515,T0516,2026-07-27 00:00:00,Construção,Grande,Teams,BI,durante reuniao empresa setor construcao porte grande coordenador operacoes disse utiliza principalmente modulo bi listadas pendencias proxima sprint alem disso citou insatisfacao suporte ultimo mes lideranca quer evidencias quantitativas antes decidir expansao partes alinharam retorno ate duas semanas,1,0,0
516,T0517,2026-07-22 00:00:00,Distribuição,Pequena,Zoom,Financeiro,durante reuniao empresa setor distribuicao porte pequena equipe comercial observou utiliza principalmente modulo financeiro demonstrou interesse ampliar numero licencas usuarios alem disso revisao indicadores serao acompanhados cliente mencionou avaliando proposta comercial sap decisao dependera percepcao valor proximas semanas,0,1,1
517,T0518,2026-04-05 00:00:00,Indústria,Média,Zoom,Fluig,durante reuniao empresa setor industria porte media lider operacoes declarou utiliza principalmente modulo fluig time revisou relatorios operacionais ultimo mes alem disso reuniao foco mapeamento processo atual conversa reforcou necessidade padronizacao cadastro qualidade dados ficou combinado retornar plano acao nova demonstracao,0,0,0
518,T0519,2026-08-16 00:00:00,Educação,Grande,,Financeiro,durante reuniao empresa setor educacao porte grande head tecnologia ressaltou utiliza principalmente modulo financeiro reuniao foco mapeamento processo atual alem disso validada necessidade treinamento usuarioschave ficou registrada necessidade revisar relatorios fiscais mensais cliente espera melhoria perceptivel antes ampliar escopo,0,0,0
519,T0520,2026-05-04 00:00:00,Indústria,Pequena,Zoom,ERP,durante reuniao empresa setor industria porte pequena gerente projetos pontuou utiliza principalmente modulo erp revisao indicadores serao acompanhados alem disso quer integrar crm erp ainda neste semestre equipe destacou importancia documentar bem processos internos proxima etapa sera consolidar requisitos priorizar entregas,0,1,0
520,T0521,2026-05-27 00:00:00,Saúde,Pequena,Presencial,Fluig,durante reuniao empresa setor saude porte pequena lider operacoes declarou utiliza principalmente modulo fluig grupo revisou perfis acesso regras negocio alem disso relatou sistema apresentou instabilidade momento critico operacao equipe destacou importancia documentar bem processos internos sugerida prova conceito validar aderencia,1,0,0
521,T0522,2026-05-15 00:00:00,Logística,Pequena,Zoom,ERP,durante reuniao empresa setor logistica porte pequena cliente relatou utiliza principalmente modulo erp sinalizou disposicao investir novo modulo ainda ano alem disso demonstrou abertura piloto dashboard gerencial relatou concorrente ofereceu condicoes comerciais vantajosas escopo sugerida prova conceito validar aderencia,0,1,1
522,T0523,2026-07-06 00:00:00,Educação,Pequena,Presencial,Analytics,durante reuniao empresa setor educacao porte pequena equipe comercial observou utiliza principalmente modulo analytics demonstrou abertura piloto dashboard gerencial alem disso sinalizou possibilidade upgrade contrato citou oracle netsuite fez contato oferecendo pacote similar partes alinharam retorno ate duas semanas,0,1,1
523,T0524,2026-05-07 00:00:00,Construção,Grande,Presencial,Manufatura,durante reuniao empresa setor construcao porte grande gerente rh informou utiliza principalmente modulo manufatura equipe validou escopo projeto proxima fase alem disso demonstrou abertura piloto dashboard gerencial comentou recebeu cotacao senior sistemas condicoes atrativas ficou definido followup proxima quinzena,0,0,1
524,T0525,2026-07-17 00:00:00,Indústria,Grande,Teams,Financeiro,durante reuniao empresa setor industria porte grande diretora financeira explicou utiliza principalmente modulo financeiro relatou time cogita buscar alternativas mercado alem disso validada necessidade treinamento usuarioschave relatou concorrente ofereceu condicoes comerciais vantajosas escopo ficou combinado retornar plano acao nova demonstracao,1,0,1
525,T0526,2026-04-29 00:00:00,Educação,Grande,Presencial,CRM,durante reuniao empresa setor educacao porte grande cliente relatou utiliza principalmente modulo crm apresentado status atual plano implantacao alem disso pediu proposta automacao processos mencionado concorrencia apresentou proposta agressiva time pediu acompanhamento quinzenal medir evolucao,0,1,1
526,T0527,2026-07-26 00:00:00,Indústria,Pequena,Zoom,Fiscal,durante reuniao empresa setor industria porte pequena cliente relatou utiliza principalmente modulo fiscal alinhamento sobre proximos marcos cronograma alem disso pediu proposta automacao processos ficou registrada necessidade revisar relatorios fiscais mensais proxima etapa sera consolidar requisitos priorizar entregas ha interesse poc analytics budget ainda depende aprovacao,0,1,0
527,T0528,2026-05-21 00:00:00,Logística,Pequena,Zoom,Fluig,durante reuniao empresa setor logistica porte pequena gerente rh informou utiliza principalmente modulo fluig validada necessidade treinamento usuarioschave alem disso equipe alinhou cronograma nova rodada testes time interno considera importante acelerar adocao usuarios finais partes alinharam retorno ate duas semanas,0,0,0
528,T0529,2026-07-21 00:00:00,Educação,Pequena,,CRM,durante reuniao empresa setor educacao porte pequena cliente relatou utiliza principalmente modulo crm grupo revisou perfis acesso regras negocio alem disso relatou sistema apresentou instabilidade momento critico operacao comentou diretoria pediu benchmark totvs outros fornecedores mercado ficou combinado retornar plano acao nova demonstracao,1,0,1
529,T0530,2026-04-16 00:00:00,Construção,Pequena,Zoom,CRM,durante reuniao empresa setor construcao porte pequena time atendimento apontou utiliza principalmente modulo crm sinalizou disposicao investir novo modulo ainda ano alem disso demonstrou abertura piloto dashboard gerencial revelou sankhya ofereceu desconto agressivo possivel migracao decisao dependera percepcao valor proximas semanas,0,1,1
530,T0531,2026-05-14 00:00:00,Agronegócio,Grande,Teams,Analytics,durante reuniao empresa setor agronegocio porte grande analista ti afirmou utiliza principalmente modulo analytics feita retrospectiva entregas ultimo trimestre alem disso discutidos responsaveis prazos proximos passos time interno considera importante acelerar adocao usuarios finais ficou definido followup proxima quinzena,0,0,0
531,T0532,2026-06-03 00:00:00,Distribuição,Média,Presencial,RH,durante reuniao empresa setor distribuicao porte media gerente rh informou utiliza principalmente modulo rh equipe validou escopo projeto proxima fase alem disso reclamou falhas integracao sistemas area negocio pediu alertas automaticos acompanhar desvios criticos cliente espera melhoria perceptivel antes ampliar escopo diretoria pediu visao consolidada indicadores especialmente receita margem inadimplencia,1,0,0
532,T0533,2026-07-10 00:00:00,Varejo,Grande,Zoom,CRM,durante reuniao empresa setor varejo porte grande time atendimento apontou utiliza principalmente modulo crm validada necessidade treinamento usuarioschave alem disso equipe alinhou cronograma nova rodada testes area negocio pediu alertas automaticos acompanhar desvios criticos ficou combinado retornar plano acao nova demonstracao,0,0,0
533,T0534,2026-08-01 00:00:00,Construção,Pequena,Presencial,RH,durante reuniao empresa setor construcao porte pequena analista financeiro pontuou utiliza principalmente modulo rh mencionou risco cancelamento problema persistir alem disso revisao indicadores serao acompanhados comentou recebeu cotacao senior sistemas condicoes atrativas partes alinharam retorno ate duas semanas,1,0,1
534,T0535,2026-04-01 00:00:00,Saúde,Média,Google Meet,Fiscal,durante reuniao empresa setor saude porte media equipe comercial observou utiliza principalmente modulo fiscal cliente pediu documentacao tecnica complementar alem disso listadas pendencias proxima sprint equipe destacou importancia documentar bem processos internos ficou combinado retornar plano acao nova demonstracao,0,0,0
535,T0536,2026-04-15 00:00:00,Tecnologia,Grande,Google Meet,Protheus,durante reuniao empresa setor tecnologia porte grande diretora financeira explicou utiliza principalmente modulo protheus relatou sistema apresentou instabilidade momento critico operacao alem disso grupo revisou perfis acesso regras negocio equipe destacou importancia documentar bem processos internos cliente espera melhoria perceptivel antes ampliar escopo,1,0,0
536,T0537,2026-05-23 00:00:00,Educação,Média,Teams,Fiscal,durante reuniao empresa setor educacao porte media diretora financeira explicou utiliza principalmente modulo fiscal time revisou relatorios operacionais ultimo mes alem disso disse recebeu reclamacoes internas sobre qualidade suporte revelou sankhya ofereceu desconto agressivo possivel migracao time pediu acompanhamento quinzenal medir evolucao,1,0,1
537,T0538,2026-04-17 00:00:00,Logística,Média,Presencial,CRM,durante reuniao empresa setor logistica porte media coordenador operacoes disse utiliza principalmente modulo crm feita retrospectiva entregas ultimo trimestre alem disso relatou time cogita buscar alternativas mercado comentou diretoria pediu benchmark totvs outros fornecedores mercado decisao dependera percepcao valor proximas semanas,1,0,1
538,T0539,2026-04-17 00:00:00,Distribuição,Média,Zoom,Analytics,durante reuniao empresa setor distribuicao porte media analista ti afirmou utiliza principalmente modulo analytics cliente pediu documentacao tecnica complementar alem disso afirmou usuarios evitam usar algumas telas complexidade conversa reforcou necessidade padronizacao cadastro qualidade dados sugerida prova conceito validar aderencia,1,0,0
539,T0540,2026-08-12 00:00:00,Indústria,Média,Presencial,Fiscal,durante reuniao empresa setor industria porte media head tecnologia ressaltou utiliza principalmente modulo fiscal demonstrou abertura piloto dashboard gerencial alem disso revisao indicadores serao acompanhados area negocio pediu alertas automaticos acompanhar desvios criticos ficou definido followup proxima quinzena,0,0,0
540,T0541,2026-05-30 00:00:00,Tecnologia,Grande,Google Meet,Manufatura,durante reuniao empresa setor tecnologia porte grande supervisor fiscal comentou utiliza principalmente modulo manufatura mencionou contrato perto vencimento previsao renovacao alem disso pediu proposta comercial modulo business intelligence relatou concorrente ofereceu condicoes comerciais vantajosas escopo ficou definido followup proxima quinzena,1,1,1
541,T0542,2026-06-06 00:00:00,Distribuição,Média,Google Meet,ERP,durante reuniao empresa setor distribuicao porte media lider operacoes declarou utiliza principalmente modulo erp reuniao foco mapeamento processo atual alem disso feita retrospectiva entregas ultimo trimestre mencionou salesforce entrou contato oferecendo modulo crm decisao dependera percepcao valor proximas semanas,0,0,1
542,T0543,2026-06-13 00:00:00,Educação,Pequena,Teams,BI,durante reuniao empresa setor educacao porte pequena gerente rh informou utiliza principalmente modulo bi relatou lentidao horarios pico alem disso reuniao foco mapeamento processo atual equipe destacou importancia documentar bem processos internos sugerida prova conceito validar aderencia,1,0,0
543,T0544,2026-06-21 00:00:00,Logística,Pequena,Google Meet,CRM,durante reuniao empresa setor logistica porte pequena coordenador operacoes disse utiliza principalmente modulo crm manifestou interesse expandir uso sistema outras unidades alem disso afirmou usuarios evitam usar algumas telas complexidade existe expectativa ganho produtividade automacao fluxo aprovacao partes alinharam retorno ate duas semanas,1,1,0
544,T0545,2026-05-10 00:00:00,Indústria,Grande,,Fiscal,durante reuniao empresa setor industria porte grande gestor comentou utiliza principalmente modulo fiscal apresentado status atual plano implantacao alem disso time revisou relatorios operacionais ultimo mes ficou registrada necessidade revisar relatorios fiscais mensais decisao dependera percepcao valor proximas semanas,0,0,0
545,T0546,2026-07-23 00:00:00,Logística,Grande,Zoom,CRM,durante reuniao empresa setor logistica porte grande head tecnologia ressaltou utiliza principalmente modulo crm demonstrou abertura piloto dashboard gerencial alem disso reuniao foco mapeamento processo atual lideranca quer evidencias quantitativas antes decidir expansao cliente espera melhoria perceptivel antes ampliar escopo,0,0,0
546,T0547,2026-04-15 00:00:00,Agronegócio,Grande,Teams,RH,durante reuniao empresa setor agronegocio porte grande coordenador operacoes disse utiliza principalmente modulo rh equipe alinhou cronograma nova rodada testes alem disso alinhamento sobre proximos marcos cronograma revelou sankhya ofereceu desconto agressivo possivel migracao cliente espera melhoria perceptivel antes ampliar escopo diretoria pediu visao consolidada indicadores especialmente receita margem inadimplencia,0,0,1
547,T0548,2026-07-10 00:00:00,Distribuição,Média,Google Meet,RH,durante reuniao empresa setor distribuicao porte media supervisor fiscal comentou utiliza principalmente modulo rh discutidos responsaveis prazos proximos passos alem disso reuniao foco mapeamento processo atual area negocio pediu alertas automaticos acompanhar desvios criticos sugerida prova conceito validar aderencia,0,0,0
548,T0549,2026-06-28 00:00:00,Logística,Média,Presencial,Fiscal,durante reuniao empresa setor logistica porte media diretora financeira explicou utiliza principalmente modulo fiscal solicitou apresentacao funcionalidades avancadas bi alem disso time revisou relatorios operacionais ultimo mes informou processo cotacao linx ficou definido followup proxima quinzena,0,1,1
549,T0550,2026-07-16 00:00:00,Educação,Grande,,Analytics,durante reuniao empresa setor educacao porte grande cliente relatou utiliza principalmente modulo analytics equipe alinhou cronograma nova rodada testes alem disso cliente pediu documentacao tecnica complementar time tecnico reforcou importancia manter base dados atualizada time pediu acompanhamento quinzenal medir evolucao diretoria pediu visao consolidada indicadores especialmente receita margem inadimplencia,0,0,0
550,T0551,2026-07-16 00:00:00,Educação,Grande,Presencial,RH,durante reuniao empresa setor educacao porte grande lider operacoes declarou utiliza principalmente modulo rh solicitou apresentacao funcionalidades avancadas bi alem disso reclamou falhas integracao sistemas area negocio pediu alertas automaticos acompanhar desvios criticos decisao dependera percepcao valor proximas semanas,1,1,0
551,T0552,2026-06-17 00:00:00,Varejo,Grande,Presencial,Financeiro,durante reuniao empresa setor varejo porte grande equipe comercial observou utiliza principalmente modulo financeiro mencionou risco cancelamento problema persistir alem disso demonstrou abertura piloto dashboard gerencial lideranca quer evidencias quantitativas antes decidir expansao ficou definido followup proxima quinzena,1,0,0
552,T0553,2026-06-02 00:00:00,Indústria,Pequena,Google Meet,CRM,durante reuniao empresa setor industria porte pequena diretora financeira explicou utiliza principalmente modulo crm avaliou contratar consultoria adicional acelerar implantacao alem disso equipe validou escopo projeto proxima fase informou processo cotacao linx decisao dependera percepcao valor proximas semanas,0,1,1
553,T0554,2026-08-10 00:00:00,Agronegócio,Pequena,Google Meet,BI,durante reuniao empresa setor agronegocio porte pequena supervisor fiscal comentou utiliza principalmente modulo bi reuniao foco mapeamento processo atual alem disso demonstrou abertura piloto dashboard gerencial comentou diretoria pediu benchmark totvs outros fornecedores mercado sugerida prova conceito validar aderencia,0,0,1
554,T0555,2026-07-01 00:00:00,Indústria,Média,Google Meet,Fiscal,durante reuniao empresa setor industria porte media diretor ti ressaltou utiliza principalmente modulo fiscal solicitou apresentacao funcionalidades avancadas bi alem disso registrou atraso recorrente fechamento financeiro conversa reforcou necessidade padronizacao cadastro qualidade dados sugerida prova conceito validar aderencia,1,1,0
555,T0556,2026-06-17 00:00:00,Construção,Grande,Google Meet,Analytics,durante reuniao empresa setor construcao porte grande coordenador operacoes disse utiliza principalmente modulo analytics grupo revisou perfis acesso regras negocio alem disso equipe validou escopo projeto proxima fase existe expectativa ganho produtividade automacao fluxo aprovacao sugerida prova conceito validar aderencia,0,0,0
556,T0557,2026-05-12 00:00:00,Saúde,Pequena,Teams,Fiscal,durante reuniao empresa setor saude porte pequena gerente rh informou utiliza principalmente modulo fiscal alinhamento sobre proximos marcos cronograma alem disso disse time sobrecarregado retrabalho area negocio pediu alertas automaticos acompanhar desvios criticos ficou definido followup proxima quinzena,1,0,0
557,T0558,2026-06-29 00:00:00,Construção,Grande,Google Meet,BI,durante reuniao empresa setor construcao porte grande gerente projetos pontuou utiliza principalmente modulo bi pediu proposta comercial modulo business intelligence alem disso comentou equipe pouco engajada continuar usando ferramenta citou oracle netsuite fez contato oferecendo pacote similar cliente espera melhoria perceptivel antes ampliar escopo,1,1,1
558,T0559,2026-05-29 00:00:00,Construção,Pequena,Teams,BI,durante reuniao empresa setor construcao porte pequena diretora financeira explicou utiliza principalmente modulo bi quer integrar crm erp ainda neste semestre alem disso afirmou ja perdeu produtividade causa falhas recentes existe expectativa ganho produtividade automacao fluxo aprovacao ficou definido followup proxima quinzena,1,1,0
559,T0560,2026-08-10 00:00:00,Agronegócio,Pequena,Presencial,Analytics,durante reuniao empresa setor agronegocio porte pequena head tecnologia ressaltou utiliza principalmente modulo analytics interesse ampliar uso sistema alem disso relatou frustracao tempo resposta suporte tecnico lideranca quer evidencias quantitativas antes decidir expansao cliente espera melhoria perceptivel antes ampliar escopo,1,1,0
560,T0561,2026-05-22 00:00:00,Educação,Grande,Google Meet,Protheus,durante reuniao empresa setor educacao porte grande diretora financeira explicou utiliza principalmente modulo protheus demonstrou abertura piloto dashboard gerencial alem disso time revisou relatorios operacionais ultimo mes mencionou salesforce entrou contato oferecendo modulo crm time pediu acompanhamento quinzenal medir evolucao,0,0,1
561,T0562,2026-04-18 00:00:00,Saúde,Grande,Zoom,Fiscal,durante reuniao empresa setor saude porte grande gerente rh informou utiliza principalmente modulo fiscal time revisou relatorios operacionais ultimo mes alem disso equipe alinhou cronograma nova rodada testes comentou recebeu cotacao senior sistemas condicoes atrativas cliente espera melhoria perceptivel antes ampliar escopo,0,0,1
562,T0563,2026-07-31 00:00:00,Logística,Grande,,BI,durante reuniao empresa setor logistica porte grande time atendimento apontou utiliza principalmente modulo bi relatou lentidao horarios pico alem disso pediu proposta automacao processos area negocio pediu alertas automaticos acompanhar desvios criticos partes alinharam retorno ate duas semanas,1,1,0
563,T0564,2026-05-02 00:00:00,Varejo,Pequena,,BI,durante reuniao empresa setor varejo porte pequena time atendimento apontou utiliza principalmente modulo bi manifestou interesse expandir uso sistema outras unidades alem disso informou confianca equipe sistema caiu ultimos meses conversa reforcou necessidade padronizacao cadastro qualidade dados time pediu acompanhamento quinzenal medir evolucao,1,1,0
564,T0565,2026-07-23 00:00:00,Distribuição,Grande,Presencial,ERP,durante reuniao empresa setor distribuicao porte grande gerente projetos pontuou utiliza principalmente modulo erp equipe alinhou cronograma nova rodada testes alem disso afirmou ja perdeu produtividade causa falhas recentes ficou registrada necessidade revisar relatorios fiscais mensais time pediu acompanhamento quinzenal medir evolucao,1,0,0
565,T0566,2026-07-22 00:00:00,Tecnologia,Grande,Zoom,Analytics,durante reuniao empresa setor tecnologia porte grande cliente relatou utiliza principalmente modulo analytics feita retrospectiva entregas ultimo trimestre alem disso listadas pendencias proxima sprint comentou recebeu cotacao senior sistemas condicoes atrativas proxima etapa sera consolidar requisitos priorizar entregas,0,0,1
566,T0567,2026-07-13 00:00:00,Saúde,Pequena,Presencial,CRM,durante reuniao empresa setor saude porte pequena responsavel projeto destacou utiliza principalmente modulo crm relatou frustracao tempo resposta suporte tecnico alem disso demonstrou interesse conhecer modulo manufatura ficou registrada necessidade revisar relatorios fiscais mensais partes alinharam retorno ate duas semanas,1,1,0
567,T0568,2026-05-02 00:00:00,Construção,Média,Presencial,Financeiro,durante reuniao empresa setor construcao porte media diretor ti ressaltou utiliza principalmente modulo financeiro reuniao foco mapeamento processo atual alem disso avaliando contratar modulo analytics existe expectativa ganho produtividade automacao fluxo aprovacao proxima etapa sera consolidar requisitos priorizar entregas,0,1,0
568,T0569,2026-06-23 00:00:00,Educação,Média,,RH,durante reuniao empresa setor educacao porte media diretora financeira explicou utiliza principalmente modulo rh registrou atraso recorrente fechamento financeiro alem disso solicitou reuniao comercial tratar expansao escopo time interno considera importante acelerar adocao usuarios finais decisao dependera percepcao valor proximas semanas,1,1,0
569,T0570,2026-08-17 00:00:00,Tecnologia,Pequena,Zoom,Manufatura,durante reuniao empresa setor tecnologia porte pequena head tecnologia ressaltou utiliza principalmente modulo manufatura quer integrar crm erp ainda neste semestre alem disso listadas pendencias proxima sprint tambem apareceu necessidade melhorar visibilidade indicadores diretoria partes alinharam retorno ate duas semanas,0,1,0
570,T0571,2026-06-17 00:00:00,Educação,Média,Presencial,BI,durante reuniao empresa setor educacao porte media responsavel projeto destacou utiliza principalmente modulo bi solicitou reuniao comercial tratar expansao escopo alem disso relatou sistema apresentou instabilidade momento critico operacao equipe destacou importancia documentar bem processos internos ficou definido followup proxima quinzena,1,1,0
571,T0572,2026-05-11 00:00:00,Tecnologia,Pequena,Presencial,ERP,durante reuniao empresa setor tecnologia porte pequena time atendimento apontou utiliza principalmente modulo erp equipe validou escopo projeto proxima fase alem disso listadas pendencias proxima sprint lideranca quer evidencias quantitativas antes decidir expansao time pediu acompanhamento quinzenal medir evolucao diretoria pediu visao consolidada indicadores especialmente receita margem inadimplencia,0,0,0
572,T0573,2026-04-07 00:00:00,Logística,Média,Zoom,Manufatura,durante reuniao empresa setor logistica porte media gestor comentou utiliza principalmente modulo manufatura informou confianca equipe sistema caiu ultimos meses alem disso sinalizou disposicao investir novo modulo ainda ano existe expectativa ganho produtividade automacao fluxo aprovacao ficou combinado retornar plano acao nova demonstracao,1,1,0
573,T0574,2026-04-17 00:00:00,Construção,Pequena,Google Meet,BI,durante reuniao empresa setor construcao porte pequena equipe comercial observou utiliza principalmente modulo bi grupo revisou perfis acesso regras negocio alem disso discutidos responsaveis prazos proximos passos ficou registrada necessidade revisar relatorios fiscais mensais partes alinharam retorno ate duas semanas,0,0,0
574,T0575,2026-04-06 00:00:00,Logística,Média,,Manufatura,durante reuniao empresa setor logistica porte media gestor comentou utiliza principalmente modulo manufatura quer integrar crm erp ainda neste semestre alem disso alinhamento sobre proximos marcos cronograma conversa reforcou necessidade padronizacao cadastro qualidade dados ficou combinado retornar plano acao nova demonstracao,0,1,0
575,T0576,2026-06-16 00:00:00,Logística,Média,Teams,CRM,durante reuniao empresa setor logistica porte media diretor ti ressaltou utiliza principalmente modulo crm alinhamento sobre proximos marcos cronograma alem disso feita retrospectiva entregas ultimo trimestre time tecnico reforcou importancia manter base dados atualizada ficou combinado retornar plano acao nova demonstracao,0,0,0
576,T0577,2026-05-28 00:00:00,Agronegócio,Grande,Zoom,RH,durante reuniao empresa setor agronegocio porte grande diretora financeira explicou utiliza principalmente modulo rh cliente pediu documentacao tecnica complementar alem disso mencionou contrato perto vencimento previsao renovacao equipe destacou importancia documentar bem processos internos ficou definido followup proxima quinzena,1,0,0
577,T0578,2026-08-08 00:00:00,Construção,Média,,Fluig,durante reuniao empresa setor construcao porte media gerente rh informou utiliza principalmente modulo fluig afirmou ja perdeu produtividade causa falhas recentes alem disso demonstrou interesse conhecer modulo manufatura equipe destacou importancia documentar bem processos internos ficou definido followup proxima quinzena,1,1,0
578,T0579,2026-08-11 00:00:00,Educação,Grande,Presencial,Financeiro,durante reuniao empresa setor educacao porte grande diretor ti ressaltou utiliza principalmente modulo financeiro feita retrospectiva entregas ultimo trimestre alem disso time revisou relatorios operacionais ultimo mes lideranca quer evidencias quantitativas antes decidir expansao partes alinharam retorno ate duas semanas,0,0,0
579,T0580,2026-07-28 00:00:00,Educação,Pequena,Teams,ERP,durante reuniao empresa setor educacao porte pequena gerente projetos pontuou utiliza principalmente modulo erp sinalizou disposicao investir novo modulo ainda ano alem disso listadas pendencias proxima sprint cliente mencionou avaliando proposta comercial sap ficou combinado retornar plano acao nova demonstracao,0,1,1
580,T0581,2026-05-31 00:00:00,Serviços,Pequena,Zoom,BI,durante reuniao empresa setor servicos porte pequena gerente rh informou utiliza principalmente modulo bi mencionou risco cancelamento problema persistir alem disso demonstrou interesse ampliar numero licencas usuarios comentou diretoria pediu benchmark totvs outros fornecedores mercado ficou definido followup proxima quinzena,1,1,1
581,T0582,2026-05-11 00:00:00,Construção,Pequena,Zoom,ERP,durante reuniao empresa setor construcao porte pequena lider operacoes declarou utiliza principalmente modulo erp cliente pediu documentacao tecnica complementar alem disso alinhamento sobre proximos marcos cronograma mencionado concorrencia apresentou proposta agressiva ficou definido followup proxima quinzena,0,0,1
582,T0583,2026-06-16 00:00:00,Saúde,Média,Google Meet,Analytics,durante reuniao empresa setor saude porte media analista ti afirmou utiliza principalmente modulo analytics equipe alinhou cronograma nova rodada testes alem disso reclamou falhas integracao sistemas relatou concorrente ofereceu condicoes comerciais vantajosas escopo proxima etapa sera consolidar requisitos priorizar entregas,1,0,1
583,T0584,2026-06-04 00:00:00,Varejo,Pequena,Teams,RH,durante reuniao empresa setor varejo porte pequena diretora financeira explicou utiliza principalmente modulo rh alinhamento sobre proximos marcos cronograma alem disso feita retrospectiva entregas ultimo trimestre tambem apareceu necessidade melhorar visibilidade indicadores diretoria partes alinharam retorno ate duas semanas,0,0,0
584,T0585,2026-04-28 00:00:00,Educação,Pequena,Google Meet,CRM,durante reuniao empresa setor educacao porte pequena analista ti afirmou utiliza principalmente modulo crm equipe validou escopo projeto proxima fase alem disso cliente pediu documentacao tecnica complementar comentou diretoria pediu benchmark totvs outros fornecedores mercado time pediu acompanhamento quinzenal medir evolucao,0,0,1
585,T0586,2026-06-03 00:00:00,Construção,Pequena,Google Meet,CRM,durante reuniao empresa setor construcao porte pequena analista financeiro pontuou utiliza principalmente modulo crm informou confianca equipe sistema caiu ultimos meses alem disso feita retrospectiva entregas ultimo trimestre existe expectativa ganho produtividade automacao fluxo aprovacao cliente espera melhoria perceptivel antes ampliar escopo,1,0,0
586,T0587,2026-06-01 00:00:00,Construção,Grande,Presencial,ERP,durante reuniao empresa setor construcao porte grande diretor ti ressaltou utiliza principalmente modulo erp grupo revisou perfis acesso regras negocio alem disso time revisou relatorios operacionais ultimo mes time tecnico reforcou importancia manter base dados atualizada ficou combinado retornar plano acao nova demonstracao,0,0,0
587,T0588,2026-06-05 00:00:00,Construção,Pequena,Teams,ERP,durante reuniao empresa setor construcao porte pequena gerente rh informou utiliza principalmente modulo erp afirmou usuarios evitam usar algumas telas complexidade alem disso revisao indicadores serao acompanhados area negocio pediu alertas automaticos acompanhar desvios criticos cliente espera melhoria perceptivel antes ampliar escopo,1,0,0
588,T0589,2026-07-15 00:00:00,Logística,Grande,Presencial,Analytics,durante reuniao empresa setor logistica porte grande gerente projetos pontuou utiliza principalmente modulo analytics afirmou usuarios evitam usar algumas telas complexidade alem disso time revisou relatorios operacionais ultimo mes time tecnico reforcou importancia manter base dados atualizada proxima etapa sera consolidar requisitos priorizar entregas,1,0,0
589,T0590,2026-07-26 00:00:00,Indústria,Pequena,Teams,CRM,durante reuniao empresa setor industria porte pequena lider operacoes declarou utiliza principalmente modulo crm demonstrou abertura piloto dashboard gerencial alem disso apresentado status atual plano implantacao area negocio pediu alertas automaticos acompanhar desvios criticos ficou combinado retornar plano acao nova demonstracao,0,0,0
590,T0591,2026-08-11 00:00:00,Educação,Grande,Presencial,Fluig,durante reuniao empresa setor educacao porte grande time atendimento apontou utiliza principalmente modulo fluig disse recebeu reclamacoes internas sobre qualidade suporte alem disso avaliando contratar modulo analytics comentou recebeu cotacao senior sistemas condicoes atrativas time pediu acompanhamento quinzenal medir evolucao,1,1,1
591,T0592,2026-07-06 00:00:00,Agronegócio,Pequena,Zoom,Protheus,durante reuniao empresa setor agronegocio porte pequena head tecnologia ressaltou utiliza principalmente modulo protheus demonstrou interesse ampliar numero licencas usuarios alem disso mencionou nivel servico abaixo combinado contrato comentou diretoria pediu benchmark totvs outros fornecedores mercado ficou combinado retornar plano acao nova demonstracao,1,1,1
592,T0593,2026-06-06 00:00:00,Educação,Pequena,Google Meet,BI,durante reuniao empresa setor educacao porte pequena supervisor fiscal comentou utiliza principalmente modulo bi quer integrar crm erp ainda neste semestre alem disso reuniao foco mapeamento processo atual ficou registrada necessidade revisar relatorios fiscais mensais ficou definido followup proxima quinzena diretoria pediu visao consolidada indicadores especialmente receita margem inadimplencia,0,1,0
593,T0594,2026-06-08 00:00:00,Construção,Grande,Presencial,Manufatura,durante reuniao empresa setor construcao porte grande cliente relatou utiliza principalmente modulo manufatura feita retrospectiva entregas ultimo trimestre alem disso afirmou ja perdeu produtividade causa falhas recentes equipe destacou importancia documentar bem processos internos ficou combinado retornar plano acao nova demonstracao,1,0,0
594,T0595,2026-07-14 00:00:00,Educação,Pequena,Google Meet,ERP,durante reuniao empresa setor educacao porte pequena gerente rh informou utiliza principalmente modulo erp comentou equipe pouco engajada continuar usando ferramenta alem disso equipe alinhou cronograma nova rodada testes equipe destacou importancia documentar bem processos internos ficou definido followup proxima quinzena diretoria pediu visao consolidada indicadores especialmente receita margem inadimplencia,1,0,0
595,T0596,2026-05-25 00:00:00,Serviços,Grande,Presencial,RH,durante reuniao empresa setor servicos porte grande responsavel projeto destacou utiliza principalmente modulo rh quer integrar crm erp ainda neste semestre alem disso registrou atraso recorrente fechamento financeiro existe expectativa ganho produtividade automacao fluxo aprovacao time pediu acompanhamento quinzenal medir evolucao,1,1,0
596,T0597,2026-04-12 00:00:00,Indústria,Média,,RH,durante reuniao empresa setor industria porte media analista ti afirmou utiliza principalmente modulo rh manifestou interesse expandir uso sistema outras unidades alem disso listadas pendencias proxima sprint cliente quer reduzir trabalho manual centralizar dados unica plataforma cliente espera melhoria perceptivel antes ampliar escopo,0,1,0
597,T0598,2026-07-29 00:00:00,Educação,Pequena,Google Meet,Fiscal,durante reuniao empresa setor educacao porte pequena analista ti afirmou utiliza principalmente modulo fiscal cliente pediu documentacao tecnica complementar alem disso reclamou falhas integracao sistemas tambem apareceu necessidade melhorar visibilidade indicadores diretoria cliente espera melhoria perceptivel antes ampliar escopo,1,0,0
598,T0599,2026-07-02 00:00:00,Serviços,Média,Google Meet,RH,durante reuniao empresa setor servicos porte media gerente projetos pontuou utiliza principalmente modulo rh alinhamento sobre proximos marcos cronograma alem disso cliente pediu documentacao tecnica complementar informou processo cotacao linx sugerida prova conceito validar aderencia,0,0,1
599,T0600,2026-07-22 00:00:00,Indústria,Pequena,Teams,Protheus,durante reuniao empresa setor industria porte pequena gerente rh informou utiliza principalmente modulo protheus demonstrou abertura piloto dashboard gerencial alem disso reuniao foco mapeamento processo atual citou oracle netsuite fez contato oferecendo pacote similar sugerida prova conceito validar aderencia,0,0,1
600,T0601,2026-04-11 00:00:00,Varejo,Média,,CRM,durante reuniao empresa setor varejo porte media time atendimento apontou utiliza principalmente modulo crm validada necessidade treinamento usuarioschave alem disso revisao indicadores serao acompanhados conversa reforcou necessidade padronizacao cadastro qualidade dados time pediu acompanhamento quinzenal medir evolucao diretoria pediu visao consolidada indicadores especialmente receita margem inadimplencia,0,0,0
601,T0602,2026-06-09 00:00:00,Agronegócio,Grande,,Financeiro,durante reuniao empresa setor agronegocio porte grande supervisor fiscal comentou utiliza principalmente modulo financeiro mencionou risco cancelamento problema persistir alem disso pediu proposta automacao processos conversa reforcou necessidade padronizacao cadastro qualidade dados ficou combinado retornar plano acao nova demonstracao,1,1,0
602,T0603,2026-05-02 00:00:00,Serviços,Média,,Analytics,durante reuniao empresa setor servicos porte media gerente projetos pontuou utiliza principalmente modulo analytics demonstrou abertura piloto dashboard gerencial alem disso grupo revisou perfis acesso regras negocio cliente mencionou avaliando proposta comercial sap ficou definido followup proxima quinzena,0,0,1
603,T0604,2026-04-02 00:00:00,Logística,Pequena,,CRM,durante reuniao empresa setor logistica porte pequena gestor comentou utiliza principalmente modulo crm feita retrospectiva entregas ultimo trimestre alem disso time revisou relatorios operacionais ultimo mes time interno considera importante acelerar adocao usuarios finais cliente espera melhoria perceptivel antes ampliar escopo,0,0,0
604,T0605,2026-08-19 00:00:00,Agronegócio,Média,Zoom,Manufatura,durante reuniao empresa setor agronegocio porte media responsavel projeto destacou utiliza principalmente modulo manufatura afirmou usuarios evitam usar algumas telas complexidade alem disso equipe alinhou cronograma nova rodada testes conversa reforcou necessidade padronizacao cadastro qualidade dados cliente espera melhoria perceptivel antes ampliar escopo,1,0,0
605,T0606,2026-05-10 00:00:00,Saúde,Média,Presencial,Manufatura,durante reuniao empresa setor saude porte media analista financeiro pontuou utiliza principalmente modulo manufatura apresentado status atual plano implantacao alem disso declarou diretoria avalia suspender uso sistema mencionou salesforce entrou contato oferecendo modulo crm proxima etapa sera consolidar requisitos priorizar entregas,1,0,1
606,T0607,2026-07-31 00:00:00,Construção,Grande,,Manufatura,durante reuniao empresa setor construcao porte grande diretora financeira explicou utiliza principalmente modulo manufatura alinhamento sobre proximos marcos cronograma alem disso listadas pendencias proxima sprint equipe destacou importancia documentar bem processos internos sugerida prova conceito validar aderencia,0,0,0
607,T0608,2026-07-28 00:00:00,Distribuição,Grande,Teams,CRM,durante reuniao empresa setor distribuicao porte grande coordenador operacoes disse utiliza principalmente modulo crm mostrou interesse modulo fiscal relatorios inteligentes alem disso cliente pediu documentacao tecnica complementar area negocio pediu alertas automaticos acompanhar desvios criticos proxima etapa sera consolidar requisitos priorizar entregas,0,1,0
608,T0609,2026-06-16 00:00:00,Distribuição,Grande,Presencial,ERP,durante reuniao empresa setor distribuicao porte grande supervisor fiscal comentou utiliza principalmente modulo erp discutidos responsaveis prazos proximos passos alem disso interesse ampliar uso sistema mencionado concorrencia apresentou proposta agressiva proxima etapa sera consolidar requisitos priorizar entregas,0,1,1
609,T0610,2026-06-04 00:00:00,Logística,Média,,Analytics,durante reuniao empresa setor logistica porte media lider operacoes declarou utiliza principalmente modulo analytics reuniao foco mapeamento processo atual alem disso relatou time cogita buscar alternativas mercado ficou registrada necessidade revisar relatorios fiscais mensais sugerida prova conceito validar aderencia,1,0,0
610,T0611,2026-06-16 00:00:00,Logística,Grande,Presencial,CRM,durante reuniao empresa setor logistica porte grande supervisor fiscal comentou utiliza principalmente modulo crm grupo revisou perfis acesso regras negocio alem disso perguntou sobre possibilidade contratar modulo rh time interno considera importante acelerar adocao usuarios finais sugerida prova conceito validar aderencia diretoria pediu visao consolidada indicadores especialmente receita margem inadimplencia,0,1,0
611,T0612,2026-04-05 00:00:00,Indústria,Média,Zoom,Protheus,durante reuniao empresa setor industria porte media cliente relatou utiliza principalmente modulo protheus disse recebeu reclamacoes internas sobre qualidade suporte alem disso revisao indicadores serao acompanhados equipe destacou importancia documentar bem processos internos ficou definido followup proxima quinzena,1,0,0
612,T0613,2026-07-11 00:00:00,Construção,Pequena,Teams,BI,durante reuniao empresa setor construcao porte pequena equipe comercial observou utiliza principalmente modulo bi validada necessidade treinamento usuarioschave alem disso equipe alinhou cronograma nova rodada testes time interno considera importante acelerar adocao usuarios finais cliente espera melhoria perceptivel antes ampliar escopo,0,0,0
613,T0614,2026-08-16 00:00:00,Distribuição,Pequena,Google Meet,CRM,durante reuniao empresa setor distribuicao porte pequena cliente relatou utiliza principalmente modulo crm listadas pendencias proxima sprint alem disso revisao indicadores serao acompanhados conversa reforcou necessidade padronizacao cadastro qualidade dados sugerida prova conceito validar aderencia,0,0,0
614,T0615,2026-04-06 00:00:00,Varejo,Grande,Teams,Financeiro,durante reuniao empresa setor varejo porte grande responsavel projeto destacou utiliza principalmente modulo financeiro listadas pendencias proxima sprint alem disso equipe validou escopo projeto proxima fase tambem apareceu necessidade melhorar visibilidade indicadores diretoria cliente espera melhoria perceptivel antes ampliar escopo diretoria pediu visao consolidada indicadores especialmente receita margem inadimplencia,0,0,0
615,T0616,2026-08-20 00:00:00,Construção,Pequena,Presencial,Manufatura,durante reuniao empresa setor construcao porte pequena time atendimento apontou utiliza principalmente modulo manufatura discutidos responsaveis prazos proximos passos alem disso equipe validou escopo projeto proxima fase time interno considera importante acelerar adocao usuarios finais cliente espera melhoria perceptivel antes ampliar escopo,0,0,0
616,T0617,2026-07-16 00:00:00,Varejo,Pequena,Presencial,RH,durante reuniao empresa setor varejo porte pequena diretor ti ressaltou utiliza principalmente modulo rh avaliou contratar consultoria adicional acelerar implantacao alem disso revisao indicadores serao acompanhados mencionado concorrencia apresentou proposta agressiva sugerida prova conceito validar aderencia,0,1,1
617,T0618,2026-05-27 00:00:00,Agronegócio,Grande,Google Meet,RH,durante reuniao empresa setor agronegocio porte grande gerente projetos pontuou utiliza principalmente modulo rh comentou equipe pouco engajada continuar usando ferramenta alem disso avaliando contratar modulo analytics informou processo cotacao linx partes alinharam retorno ate duas semanas,1,1,1
618,T0619,2026-05-12 00:00:00,Agronegócio,Pequena,Google Meet,Analytics,durante reuniao empresa setor agronegocio porte pequena diretor ti ressaltou utiliza principalmente modulo analytics demonstrou abertura piloto dashboard gerencial alem disso revisao indicadores serao acompanhados time interno considera importante acelerar adocao usuarios finais sugerida prova conceito validar aderencia,0,0,0
619,T0620,2026-06-17 00:00:00,Distribuição,Pequena,,Protheus,durante reuniao empresa setor distribuicao porte pequena equipe comercial observou utiliza principalmente modulo protheus informou confianca equipe sistema caiu ultimos meses alem disso perguntou sobre possibilidade contratar modulo rh cliente quer reduzir trabalho manual centralizar dados unica plataforma sugerida prova conceito validar aderencia,1,1,0
620,T0621,2026-07-20 00:00:00,Saúde,Grande,Teams,Analytics,durante reuniao empresa setor saude porte grande coordenador operacoes disse utiliza principalmente modulo analytics demonstrou interesse ampliar numero licencas usuarios alem disso revisao indicadores serao acompanhados mencionou salesforce entrou contato oferecendo modulo crm time pediu acompanhamento quinzenal medir evolucao,0,1,1
621,T0622,2026-08-10 00:00:00,Agronegócio,Grande,Zoom,Protheus,durante reuniao empresa setor agronegocio porte grande head tecnologia ressaltou utiliza principalmente modulo protheus revisao indicadores serao acompanhados alem disso alinhamento sobre proximos marcos cronograma conversa reforcou necessidade padronizacao cadastro qualidade dados proxima etapa sera consolidar requisitos priorizar entregas,0,0,0
622,T0623,2026-04-11 00:00:00,Tecnologia,Pequena,Teams,Analytics,durante reuniao empresa setor tecnologia porte pequena gerente projetos pontuou utiliza principalmente modulo analytics grupo revisou perfis acesso regras negocio alem disso equipe alinhou cronograma nova rodada testes citou oracle netsuite fez contato oferecendo pacote similar ficou definido followup proxima quinzena,0,0,1
623,T0624,2026-07-03 00:00:00,Logística,Pequena,Zoom,Financeiro,durante reuniao empresa setor logistica porte pequena time atendimento apontou utiliza principalmente modulo financeiro alinhamento sobre proximos marcos cronograma alem disso listadas pendencias proxima sprint revelou sankhya ofereceu desconto agressivo possivel migracao ficou definido followup proxima quinzena,0,0,1
624,T0625,2026-07-16 00:00:00,Logística,Grande,Teams,BI,durante reuniao empresa setor logistica porte grande lider operacoes declarou utiliza principalmente modulo bi alinhamento sobre proximos marcos cronograma alem disso sinalizou disposicao investir novo modulo ainda ano cliente quer reduzir trabalho manual centralizar dados unica plataforma partes alinharam retorno ate duas semanas,0,1,0
625,T0626,2026-07-02 00:00:00,Indústria,Média,Teams,Protheus,durante reuniao empresa setor industria porte media analista financeiro pontuou utiliza principalmente modulo protheus validada necessidade treinamento usuarioschave alem disso relatou time cogita buscar alternativas mercado tambem apareceu necessidade melhorar visibilidade indicadores diretoria time pediu acompanhamento quinzenal medir evolucao,1,0,0
626,T0627,2026-04-10 00:00:00,Educação,Grande,Zoom,Fiscal,durante reuniao empresa setor educacao porte grande responsavel projeto destacou utiliza principalmente modulo fiscal listadas pendencias proxima sprint alem disso feita retrospectiva entregas ultimo trimestre tambem apareceu necessidade melhorar visibilidade indicadores diretoria time pediu acompanhamento quinzenal medir evolucao diretoria pediu visao consolidada indicadores especialmente receita margem inadimplencia,0,0,0
627,T0628,2026-07-13 00:00:00,Varejo,Grande,Teams,Fiscal,durante reuniao empresa setor varejo porte grande supervisor fiscal comentou utiliza principalmente modulo fiscal alinhamento sobre proximos marcos cronograma alem disso equipe validou escopo projeto proxima fase mencionou salesforce entrou contato oferecendo modulo crm partes alinharam retorno ate duas semanas,0,0,1
628,T0629,2026-07-09 00:00:00,Educação,Grande,,ERP,durante reuniao empresa setor educacao porte grande gerente rh informou utiliza principalmente modulo erp mostrou interesse modulo fiscal relatorios inteligentes alem disso discutidos responsaveis prazos proximos passos time tecnico reforcou importancia manter base dados atualizada time pediu acompanhamento quinzenal medir evolucao,0,1,0
629,T0630,2026-06-06 00:00:00,Distribuição,Média,Presencial,Fiscal,durante reuniao empresa setor distribuicao porte media diretora financeira explicou utiliza principalmente modulo fiscal citou insatisfacao suporte ultimo mes alem disso avaliou contratar consultoria adicional acelerar implantacao time tecnico reforcou importancia manter base dados atualizada time pediu acompanhamento quinzenal medir evolucao,1,1,0
630,T0631,2026-04-02 00:00:00,Varejo,Média,Teams,RH,durante reuniao empresa setor varejo porte media supervisor fiscal comentou utiliza principalmente modulo rh apresentado status atual plano implantacao alem disso time revisou relatorios operacionais ultimo mes tambem apareceu necessidade melhorar visibilidade indicadores diretoria decisao dependera percepcao valor proximas semanas,0,0,0
631,T0632,2026-07-06 00:00:00,Tecnologia,Grande,Teams,Analytics,durante reuniao empresa setor tecnologia porte grande gestor comentou utiliza principalmente modulo analytics equipe validou escopo projeto proxima fase alem disso discutidos responsaveis prazos proximos passos tambem apareceu necessidade melhorar visibilidade indicadores diretoria ficou definido followup proxima quinzena diretoria pediu visao consolidada indicadores especialmente receita margem inadimplencia,0,0,0
632,T0633,2026-05-04 00:00:00,Varejo,Pequena,Presencial,Analytics,durante reuniao empresa setor varejo porte pequena gestor comentou utiliza principalmente modulo analytics demonstrou interesse conhecer modulo manufatura alem disso equipe validou escopo projeto proxima fase citou oracle netsuite fez contato oferecendo pacote similar ficou definido followup proxima quinzena,0,1,1
633,T0634,2026-07-16 00:00:00,Educação,Pequena,,BI,durante reuniao empresa setor educacao porte pequena time atendimento apontou utiliza principalmente modulo bi revisao indicadores serao acompanhados alem disso time revisou relatorios operacionais ultimo mes time tecnico reforcou importancia manter base dados atualizada proxima etapa sera consolidar requisitos priorizar entregas,0,0,0
634,T0635,2026-07-04 00:00:00,Saúde,Grande,Presencial,Analytics,durante reuniao empresa setor saude porte grande diretora financeira explicou utiliza principalmente modulo analytics avaliou contratar consultoria adicional acelerar implantacao alem disso equipe validou escopo projeto proxima fase mencionado concorrencia apresentou proposta agressiva sugerida prova conceito validar aderencia obs: mencao dashboard tempo real necessidade integracao via api,0,1,1
635,T0636,2026-05-07 00:00:00,Educação,Grande,Presencial,Protheus,durante reuniao empresa setor educacao porte grande head tecnologia ressaltou utiliza principalmente modulo protheus cliente pediu documentacao tecnica complementar alem disso manifestou interesse expandir uso sistema outras unidades cliente quer reduzir trabalho manual centralizar dados unica plataforma ficou definido followup proxima quinzena diretoria pediu visao consolidada indicadores especialmente receita margem inadimplencia,0,1,0
636,T0637,2026-06-19 00:00:00,Agronegócio,Média,Google Meet,Manufatura,durante reuniao empresa setor agronegocio porte media time atendimento apontou utiliza principalmente modulo manufatura alinhamento sobre proximos marcos cronograma alem disso reclamou falhas integracao sistemas time tecnico reforcou importancia manter base dados atualizada ficou definido followup proxima quinzena,1,0,0
637,T0638,2026-04-23 00:00:00,Agronegócio,Grande,,Manufatura,durante reuniao empresa setor agronegocio porte grande analista ti afirmou utiliza principalmente modulo manufatura demonstrou interesse ampliar numero licencas usuarios alem disso listadas pendencias proxima sprint time tecnico reforcou importancia manter base dados atualizada cliente espera melhoria perceptivel antes ampliar escopo,0,1,0
638,T0639,2026-05-13 00:00:00,Indústria,Grande,Google Meet,Fiscal,durante reuniao empresa setor industria porte grande diretor ti ressaltou utiliza principalmente modulo fiscal apresentado status atual plano implantacao alem disso validada necessidade treinamento usuarioschave time interno considera importante acelerar adocao usuarios finais cliente espera melhoria perceptivel antes ampliar escopo,0,0,0
639,T0640,2026-04-05 00:00:00,Saúde,Grande,,BI,durante reuniao empresa setor saude porte grande equipe comercial observou utiliza principalmente modulo bi alinhamento sobre proximos marcos cronograma alem disso cliente pediu documentacao tecnica complementar time interno considera importante acelerar adocao usuarios finais ficou definido followup proxima quinzena diretoria pediu visao consolidada indicadores especialmente receita margem inadimplencia,0,0,0
640,T0641,2026-04-06 00:00:00,Logística,Média,Teams,Manufatura,durante reuniao empresa setor logistica porte media equipe comercial observou utiliza principalmente modulo manufatura relatou time cogita buscar alternativas mercado alem disso pediu proposta comercial modulo business intelligence lideranca quer evidencias quantitativas antes decidir expansao proxima etapa sera consolidar requisitos priorizar entregas time citou churn risco caso sla suporte nao melhore,1,1,0
641,T0642,2026-04-23 00:00:00,Educação,Média,Presencial,BI,durante reuniao empresa setor educacao porte media equipe comercial observou utiliza principalmente modulo bi demonstrou abertura piloto dashboard gerencial alem disso pediu proposta comercial modulo business intelligence mencionado concorrencia apresentou proposta agressiva decisao dependera percepcao valor proximas semanas,0,1,1
642,T0643,2026-07-06 00:00:00,Saúde,Pequena,Teams,Financeiro,durante reuniao empresa setor saude porte pequena lider operacoes declarou utiliza principalmente modulo financeiro comentou diretoria questiona valor entregue alem disso solicitou reuniao comercial tratar expansao escopo conversa reforcou necessidade padronizacao cadastro qualidade dados decisao dependera percepcao valor proximas semanas ha interesse poc analytics budget ainda depende aprovacao,1,1,0
643,T0644,2026-05-30 00:00:00,Indústria,Média,,RH,durante reuniao empresa setor industria porte media diretor ti ressaltou utiliza principalmente modulo rh equipe alinhou cronograma nova rodada testes alem disso quer integrar crm erp ainda neste semestre citou oracle netsuite fez contato oferecendo pacote similar partes alinharam retorno ate duas semanas,0,1,1
644,T0645,2026-05-07 00:00:00,Logística,Grande,Teams,Financeiro,durante reuniao empresa setor logistica porte grande coordenador operacoes disse utiliza principalmente modulo financeiro listadas pendencias proxima sprint alem disso discutidos responsaveis prazos proximos passos existe expectativa ganho produtividade automacao fluxo aprovacao cliente espera melhoria perceptivel antes ampliar escopo,0,0,0
645,T0646,2026-05-13 00:00:00,Indústria,Pequena,Presencial,ERP,durante reuniao empresa setor industria porte pequena supervisor fiscal comentou utiliza principalmente modulo erp cliente pediu documentacao tecnica complementar alem disso apresentado status atual plano implantacao tambem apareceu necessidade melhorar visibilidade indicadores diretoria ficou combinado retornar plano acao nova demonstracao,0,0,0
646,T0647,2026-04-18 00:00:00,Construção,Pequena,Presencial,Analytics,durante reuniao empresa setor construcao porte pequena gerente projetos pontuou utiliza principalmente modulo analytics avaliando contratar modulo analytics alem disso time revisou relatorios operacionais ultimo mes area negocio pediu alertas automaticos acompanhar desvios criticos ficou combinado retornar plano acao nova demonstracao,0,1,0
647,T0648,2026-06-27 00:00:00,Construção,Grande,Presencial,ERP,durante reuniao empresa setor construcao porte grande gerente rh informou utiliza principalmente modulo erp grupo revisou perfis acesso regras negocio alem disso pediu proposta comercial modulo business intelligence ficou registrada necessidade revisar relatorios fiscais mensais time pediu acompanhamento quinzenal medir evolucao diretoria pediu visao consolidada indicadores especialmente receita margem inadimplencia,0,1,0
648,T0649,2026-04-02 00:00:00,Indústria,Grande,Teams,Manufatura,durante reuniao empresa setor industria porte grande coordenador operacoes disse utiliza principalmente modulo manufatura disse recebeu reclamacoes internas sobre qualidade suporte alem disso alinhamento sobre proximos marcos cronograma time tecnico reforcou importancia manter base dados atualizada proxima etapa sera consolidar requisitos priorizar entregas,1,0,0
649,T0650,2026-07-23 00:00:00,Saúde,Média,Presencial,RH,durante reuniao empresa setor saude porte media gestor comentou utiliza principalmente modulo rh demonstrou abertura piloto dashboard gerencial alem disso demonstrou interesse conhecer modulo manufatura cliente mencionou avaliando proposta comercial sap ficou definido followup proxima quinzena,0,1,1
650,T0651,2026-06-11 00:00:00,Logística,Pequena,Zoom,RH,durante reuniao empresa setor logistica porte pequena diretor ti ressaltou utiliza principalmente modulo rh demonstrou interesse ampliar numero licencas usuarios alem disso declarou diretoria avalia suspender uso sistema ficou registrada necessidade revisar relatorios fiscais mensais time pediu acompanhamento quinzenal medir evolucao ha interesse poc analytics budget ainda depende aprovacao,1,1,0
651,T0652,2026-05-21 00:00:00,Serviços,Pequena,Google Meet,RH,durante reuniao empresa setor servicos porte pequena coordenador operacoes disse utiliza principalmente modulo rh demonstrou abertura piloto dashboard gerencial alem disso revisao indicadores serao acompanhados comentou recebeu cotacao senior sistemas condicoes atrativas proxima etapa sera consolidar requisitos priorizar entregas,0,0,1
652,T0653,2026-05-29 00:00:00,Tecnologia,Grande,Google Meet,Financeiro,durante reuniao empresa setor tecnologia porte grande gerente projetos pontuou utiliza principalmente modulo financeiro sinalizou possibilidade upgrade contrato alem disso time revisou relatorios operacionais ultimo mes time tecnico reforcou importancia manter base dados atualizada ficou definido followup proxima quinzena obs: mencao dashboard tempo real necessidade integracao via api,0,1,0
653,T0654,2026-06-22 00:00:00,Serviços,Média,Google Meet,Analytics,durante reuniao empresa setor servicos porte media diretor ti ressaltou utiliza principalmente modulo analytics discutidos responsaveis prazos proximos passos alem disso revisao indicadores serao acompanhados mencionou salesforce entrou contato oferecendo modulo crm cliente espera melhoria perceptivel antes ampliar escopo,0,0,1
654,T0655,2026-07-24 00:00:00,Logística,Pequena,Presencial,Financeiro,durante reuniao empresa setor logistica porte pequena gestor comentou utiliza principalmente modulo financeiro sinalizou possibilidade upgrade contrato alem disso registrou atraso recorrente fechamento financeiro area negocio pediu alertas automaticos acompanhar desvios criticos proxima etapa sera consolidar requisitos priorizar entregas,1,1,0
655,T0656,2026-04-25 00:00:00,Indústria,Média,Presencial,Protheus,durante reuniao empresa setor industria porte media supervisor fiscal comentou utiliza principalmente modulo protheus perguntou sobre possibilidade contratar modulo rh alem disso mencionou contrato perto vencimento previsao renovacao cliente mencionou avaliando proposta comercial sap ficou definido followup proxima quinzena,1,1,1
656,T0657,2026-05-31 00:00:00,Saúde,Grande,,CRM,durante reuniao empresa setor saude porte grande lider operacoes declarou utiliza principalmente modulo crm perguntou sobre condicoes adicionar modulo fiscal contrato atual alem disso relatou lentidao horarios pico conversa reforcou necessidade padronizacao cadastro qualidade dados cliente espera melhoria perceptivel antes ampliar escopo,1,1,0
657,T0658,2026-05-03 00:00:00,Indústria,Média,Zoom,ERP,durante reuniao empresa setor industria porte media supervisor fiscal comentou utiliza principalmente modulo erp validada necessidade treinamento usuarioschave alem disso afirmou ja perdeu produtividade causa falhas recentes existe expectativa ganho produtividade automacao fluxo aprovacao cliente espera melhoria perceptivel antes ampliar escopo,1,0,0
658,T0659,2026-05-30 00:00:00,Agronegócio,Grande,,Protheus,durante reuniao empresa setor agronegocio porte grande time atendimento apontou utiliza principalmente modulo protheus relatou sistema apresentou instabilidade momento critico operacao alem disso perguntou sobre condicoes adicionar modulo fiscal contrato atual equipe destacou importancia documentar bem processos internos proxima etapa sera consolidar requisitos priorizar entregas,1,1,0
659,T0660,2026-06-24 00:00:00,Agronegócio,Pequena,Zoom,Analytics,durante reuniao empresa setor agronegocio porte pequena equipe comercial observou utiliza principalmente modulo analytics time revisou relatorios operacionais ultimo mes alem disso equipe validou escopo projeto proxima fase equipe destacou importancia documentar bem processos internos ficou combinado retornar plano acao nova demonstracao,0,0,0
660,T0661,2026-08-02 00:00:00,Agronegócio,Média,Teams,Financeiro,durante reuniao empresa setor agronegocio porte media cliente relatou utiliza principalmente modulo financeiro reuniao foco mapeamento processo atual alem disso citou insatisfacao suporte ultimo mes lideranca quer evidencias quantitativas antes decidir expansao partes alinharam retorno ate duas semanas,1,0,0
661,T0662,2026-08-17 00:00:00,Educação,Pequena,Presencial,ERP,durante reuniao empresa setor educacao porte pequena supervisor fiscal comentou utiliza principalmente modulo erp pediu proposta comercial modulo business intelligence alem disso cliente pediu documentacao tecnica complementar existe expectativa ganho produtividade automacao fluxo aprovacao sugerida prova conceito validar aderencia diretoria pediu visao consolidada indicadores especialmente receita margem inadimplencia,0,1,0
662,T0663,2026-06-28 00:00:00,Distribuição,Pequena,Teams,Analytics,durante reuniao empresa setor distribuicao porte pequena gestor comentou utiliza principalmente modulo analytics equipe alinhou cronograma nova rodada testes alem disso apresentado status atual plano implantacao comentou diretoria pediu benchmark totvs outros fornecedores mercado time pediu acompanhamento quinzenal medir evolucao,0,0,1
663,T0664,2026-06-24 00:00:00,Educação,Pequena,Presencial,Protheus,durante reuniao empresa setor educacao porte pequena time atendimento apontou utiliza principalmente modulo protheus reuniao foco mapeamento processo atual alem disso demonstrou interesse ampliar numero licencas usuarios revelou sankhya ofereceu desconto agressivo possivel migracao ficou definido followup proxima quinzena,0,1,1
664,T0665,2026-06-24 00:00:00,Serviços,Pequena,Presencial,BI,durante reuniao empresa setor servicos porte pequena gerente projetos pontuou utiliza principalmente modulo bi grupo revisou perfis acesso regras negocio alem disso mencionou risco cancelamento problema persistir conversa reforcou necessidade padronizacao cadastro qualidade dados time pediu acompanhamento quinzenal medir evolucao time citou churn risco caso sla suporte nao melhore,1,0,0
665,T0666,2026-07-02 00:00:00,Indústria,Pequena,Teams,Financeiro,durante reuniao empresa setor industria porte pequena responsavel projeto destacou utiliza principalmente modulo financeiro afirmou usuarios evitam usar algumas telas complexidade alem disso equipe alinhou cronograma nova rodada testes cliente quer reduzir trabalho manual centralizar dados unica plataforma time pediu acompanhamento quinzenal medir evolucao,1,0,0
666,T0667,2026-06-07 00:00:00,Saúde,Pequena,Teams,Manufatura,durante reuniao empresa setor saude porte pequena diretor ti ressaltou utiliza principalmente modulo manufatura pediu proposta comercial modulo business intelligence alem disso relatou lentidao horarios pico citou oracle netsuite fez contato oferecendo pacote similar ficou definido followup proxima quinzena,1,1,1
667,T0668,2026-07-21 00:00:00,Saúde,Pequena,Teams,BI,durante reuniao empresa setor saude porte pequena lider operacoes declarou utiliza principalmente modulo bi equipe alinhou cronograma nova rodada testes alem disso feita retrospectiva entregas ultimo trimestre tambem apareceu necessidade melhorar visibilidade indicadores diretoria time pediu acompanhamento quinzenal medir evolucao,0,0,0
668,T0669,2026-05-19 00:00:00,Tecnologia,Média,Teams,Fluig,durante reuniao empresa setor tecnologia porte media gerente rh informou utiliza principalmente modulo fluig interesse ampliar uso sistema alem disso apresentado status atual plano implantacao comentou recebeu cotacao senior sistemas condicoes atrativas ficou definido followup proxima quinzena,0,1,1
669,T0670,2026-04-17 00:00:00,Educação,Grande,Presencial,Fiscal,durante reuniao empresa setor educacao porte grande gestor comentou utiliza principalmente modulo fiscal disse recebeu reclamacoes internas sobre qualidade suporte alem disso discutidos responsaveis prazos proximos passos cliente quer reduzir trabalho manual centralizar dados unica plataforma time pediu acompanhamento quinzenal medir evolucao,1,0,0
670,T0671,2026-07-31 00:00:00,Construção,Grande,Presencial,RH,durante reuniao empresa setor construcao porte grande diretor ti ressaltou utiliza principalmente modulo rh equipe alinhou cronograma nova rodada testes alem disso reuniao foco mapeamento processo atual time interno considera importante acelerar adocao usuarios finais ficou definido followup proxima quinzena,0,0,0
671,T0672,2026-05-11 00:00:00,Logística,Média,,Analytics,durante reuniao empresa setor logistica porte media cliente relatou utiliza principalmente modulo analytics registrou atraso recorrente fechamento financeiro alem disso manifestou interesse expandir uso sistema outras unidades time tecnico reforcou importancia manter base dados atualizada time pediu acompanhamento quinzenal medir evolucao,1,1,0
672,T0673,2026-07-25 00:00:00,Varejo,Média,Presencial,Fluig,durante reuniao empresa setor varejo porte media lider operacoes declarou utiliza principalmente modulo fluig disse recebeu reclamacoes internas sobre qualidade suporte alem disso grupo revisou perfis acesso regras negocio area negocio pediu alertas automaticos acompanhar desvios criticos cliente espera melhoria perceptivel antes ampliar escopo,1,0,0
673,T0674,2026-04-22 00:00:00,Construção,Grande,,Fiscal,durante reuniao empresa setor construcao porte grande diretor ti ressaltou utiliza principalmente modulo fiscal registrou atraso recorrente fechamento financeiro alem disso alinhamento sobre proximos marcos cronograma time interno considera importante acelerar adocao usuarios finais proxima etapa sera consolidar requisitos priorizar entregas reuniao hibrida audio trechos curtos frases interrompidas assim ficou claro desconforto falhas,1,0,0
674,T0675,2026-06-24 00:00:00,Construção,Média,Google Meet,Financeiro,durante reuniao empresa setor construcao porte media analista financeiro pontuou utiliza principalmente modulo financeiro perguntou sobre possibilidade contratar modulo rh alem disso reclamou falhas integracao sistemas citou oracle netsuite fez contato oferecendo pacote similar decisao dependera percepcao valor proximas semanas,1,1,1
675,T0676,2026-04-04 00:00:00,Varejo,Grande,,BI,durante reuniao empresa setor varejo porte grande gerente projetos pontuou utiliza principalmente modulo bi equipe alinhou cronograma nova rodada testes alem disso demonstrou interesse conhecer modulo manufatura time interno considera importante acelerar adocao usuarios finais ficou definido followup proxima quinzena,0,1,0
676,T0677,2026-07-28 00:00:00,Logística,Pequena,Google Meet,Financeiro,durante reuniao empresa setor logistica porte pequena analista ti afirmou utiliza principalmente modulo financeiro alinhamento sobre proximos marcos cronograma alem disso time revisou relatorios operacionais ultimo mes time interno considera importante acelerar adocao usuarios finais ficou definido followup proxima quinzena,0,0,0
677,T0678,2026-05-03 00:00:00,Construção,Grande,Zoom,CRM,durante reuniao empresa setor construcao porte grande lider operacoes declarou utiliza principalmente modulo crm grupo revisou perfis acesso regras negocio alem disso avaliou contratar consultoria adicional acelerar implantacao area negocio pediu alertas automaticos acompanhar desvios criticos partes alinharam retorno ate duas semanas,0,1,0
678,T0679,2026-06-23 00:00:00,Agronegócio,Pequena,,Protheus,durante reuniao empresa setor agronegocio porte pequena head tecnologia ressaltou utiliza principalmente modulo protheus reclamou falhas integracao sistemas alem disso demonstrou abertura piloto dashboard gerencial equipe destacou importancia documentar bem processos internos partes alinharam retorno ate duas semanas,1,0,0
679,T0680,2026-05-19 00:00:00,Varejo,Pequena,Google Meet,RH,durante reuniao empresa setor varejo porte pequena time atendimento apontou utiliza principalmente modulo rh mostrou interesse modulo fiscal relatorios inteligentes alem disso declarou diretoria avalia suspender uso sistema conversa reforcou necessidade padronizacao cadastro qualidade dados sugerida prova conceito validar aderencia diretoria pediu visao consolidada indicadores especialmente receita margem inadimplencia,1,1,0
680,T0681,2026-07-08 00:00:00,Construção,Pequena,Teams,ERP,durante reuniao empresa setor construcao porte pequena diretor ti ressaltou utiliza principalmente modulo erp revisao indicadores serao acompanhados alem disso mostrou interesse modulo fiscal relatorios inteligentes mencionou salesforce entrou contato oferecendo modulo crm cliente espera melhoria perceptivel antes ampliar escopo,0,1,1
681,T0682,2026-04-29 00:00:00,Educação,Grande,Presencial,CRM,durante reuniao empresa setor educacao porte grande analista financeiro pontuou utiliza principalmente modulo crm listadas pendencias proxima sprint alem disso mostrou interesse modulo fiscal relatorios inteligentes comentou recebeu cotacao senior sistemas condicoes atrativas ficou combinado retornar plano acao nova demonstracao,0,1,1
682,T0683,2026-06-19 00:00:00,Agronegócio,Pequena,,CRM,durante reuniao empresa setor agronegocio porte pequena responsavel projeto destacou utiliza principalmente modulo crm reuniao foco mapeamento processo atual alem disso equipe alinhou cronograma nova rodada testes comentou diretoria pediu benchmark totvs outros fornecedores mercado proxima etapa sera consolidar requisitos priorizar entregas,0,0,1
683,T0684,2026-08-04 00:00:00,Varejo,Média,,Protheus,durante reuniao empresa setor varejo porte media analista financeiro pontuou utiliza principalmente modulo protheus mostrou interesse modulo fiscal relatorios inteligentes alem disso cliente pediu documentacao tecnica complementar tambem apareceu necessidade melhorar visibilidade indicadores diretoria decisao dependera percepcao valor proximas semanas,0,1,0
684,T0685,2026-05-16 00:00:00,Agronegócio,Grande,Presencial,CRM,durante reuniao empresa setor agronegocio porte grande analista ti afirmou utiliza principalmente modulo crm demonstrou abertura piloto dashboard gerencial alem disso apresentado status atual plano implantacao area negocio pediu alertas automaticos acompanhar desvios criticos cliente espera melhoria perceptivel antes ampliar escopo,0,0,0
685,T0686,2026-06-14 00:00:00,Saúde,Grande,Teams,CRM,durante reuniao empresa setor saude porte grande analista ti afirmou utiliza principalmente modulo crm grupo revisou perfis acesso regras negocio alem disso quer integrar crm erp ainda neste semestre conversa reforcou necessidade padronizacao cadastro qualidade dados time pediu acompanhamento quinzenal medir evolucao,0,1,0
686,T0687,2026-04-07 00:00:00,Saúde,Grande,Presencial,Manufatura,durante reuniao empresa setor saude porte grande gestor comentou utiliza principalmente modulo manufatura relatou sistema apresentou instabilidade momento critico operacao alem disso solicitou apresentacao funcionalidades avancadas bi mencionado concorrencia apresentou proposta agressiva cliente espera melhoria perceptivel antes ampliar escopo,1,1,1
687,T0688,2026-07-28 00:00:00,Varejo,Média,Zoom,Analytics,durante reuniao empresa setor varejo porte media coordenador operacoes disse utiliza principalmente modulo analytics demonstrou interesse ampliar numero licencas usuarios alem disso time revisou relatorios operacionais ultimo mes cliente quer reduzir trabalho manual centralizar dados unica plataforma ficou definido followup proxima quinzena,0,1,0
688,T0689,2026-04-26 00:00:00,Educação,Média,Zoom,Fiscal,durante reuniao empresa setor educacao porte media analista financeiro pontuou utiliza principalmente modulo fiscal demonstrou abertura piloto dashboard gerencial alem disso demonstrou interesse conhecer modulo manufatura mencionado concorrencia apresentou proposta agressiva decisao dependera percepcao valor proximas semanas,0,1,1
689,T0690,2026-08-15 00:00:00,Distribuição,Média,Zoom,Fiscal,durante reuniao empresa setor distribuicao porte media diretor ti ressaltou utiliza principalmente modulo fiscal relatou lentidao horarios pico alem disso demonstrou interesse conhecer modulo manufatura comentou diretoria pediu benchmark totvs outros fornecedores mercado cliente espera melhoria perceptivel antes ampliar escopo,1,1,1
690,T0691,2026-06-03 00:00:00,Logística,Pequena,Teams,Analytics,durante reuniao empresa setor logistica porte pequena equipe comercial observou utiliza principalmente modulo analytics sinalizou possibilidade upgrade contrato alem disso afirmou ja perdeu produtividade causa falhas recentes mencionou salesforce entrou contato oferecendo modulo crm ficou combinado retornar plano acao nova demonstracao,1,1,1
691,T0692,2026-05-13 00:00:00,Educação,Pequena,Presencial,Fiscal,durante reuniao empresa setor educacao porte pequena diretora financeira explicou utiliza principalmente modulo fiscal grupo revisou perfis acesso regras negocio alem disso mencionou contrato perto vencimento previsao renovacao revelou sankhya ofereceu desconto agressivo possivel migracao partes alinharam retorno ate duas semanas,1,0,1
692,T0693,2026-05-15 00:00:00,Indústria,Média,Google Meet,Protheus,durante reuniao empresa setor industria porte media analista ti afirmou utiliza principalmente modulo protheus perguntou sobre condicoes adicionar modulo fiscal contrato atual alem disso disse time sobrecarregado retrabalho conversa reforcou necessidade padronizacao cadastro qualidade dados decisao dependera percepcao valor proximas semanas,1,1,0
693,T0694,2026-06-17 00:00:00,Agronegócio,Média,Zoom,Fiscal,durante reuniao empresa setor agronegocio porte media lider operacoes declarou utiliza principalmente modulo fiscal perguntou sobre possibilidade contratar modulo rh alem disso afirmou usuarios evitam usar algumas telas complexidade mencionou salesforce entrou contato oferecendo modulo crm partes alinharam retorno ate duas semanas,1,1,1
694,T0695,2026-06-21 00:00:00,Varejo,Pequena,Google Meet,Protheus,durante reuniao empresa setor varejo porte pequena supervisor fiscal comentou utiliza principalmente modulo protheus equipe validou escopo projeto proxima fase alem disso revisao indicadores serao acompanhados time tecnico reforcou importancia manter base dados atualizada ficou combinado retornar plano acao nova demonstracao,0,0,0
695,T0696,2026-05-02 00:00:00,Construção,Pequena,Presencial,Financeiro,durante reuniao empresa setor construcao porte pequena supervisor fiscal comentou utiliza principalmente modulo financeiro reuniao foco mapeamento processo atual alem disso mostrou interesse modulo fiscal relatorios inteligentes mencionou salesforce entrou contato oferecendo modulo crm ficou definido followup proxima quinzena,0,1,1
696,T0697,2026-07-23 00:00:00,Logística,Pequena,Google Meet,Fluig,durante reuniao empresa setor logistica porte pequena diretor ti ressaltou utiliza principalmente modulo fluig citou insatisfacao suporte ultimo mes alem disso sinalizou disposicao investir novo modulo ainda ano mencionado concorrencia apresentou proposta agressiva ficou combinado retornar plano acao nova demonstracao,1,1,1
697,T0698,2026-06-03 00:00:00,Distribuição,Grande,Presencial,Fiscal,durante reuniao empresa setor distribuicao porte grande gestor comentou utiliza principalmente modulo fiscal perguntou sobre condicoes adicionar modulo fiscal contrato atual alem disso afirmou usuarios evitam usar algumas telas complexidade conversa reforcou necessidade padronizacao cadastro qualidade dados ficou definido followup proxima quinzena usuarios disseram processo atual manual lento pouco confiavel,1,1,0
698,T0699,2026-05-03 00:00:00,Saúde,Pequena,,Fiscal,durante reuniao empresa setor saude porte pequena gerente projetos pontuou utiliza principalmente modulo fiscal equipe alinhou cronograma nova rodada testes alem disso disse time sobrecarregado retrabalho area negocio pediu alertas automaticos acompanhar desvios criticos ficou definido followup proxima quinzena,1,0,0
699,T0700,2026-06-03 00:00:00,Construção,Média,,CRM,durante reuniao empresa setor construcao porte media diretor ti ressaltou utiliza principalmente modulo crm solicitou apresentacao funcionalidades avancadas bi alem disso cliente pediu documentacao tecnica complementar cliente mencionou avaliando proposta comercial sap time pediu acompanhamento quinzenal medir evolucao,0,1,1
700,T0701,2026-07-20 00:00:00,Educação,Média,Zoom,Manufatura,durante reuniao empresa setor educacao porte media analista ti afirmou utiliza principalmente modulo manufatura registrou atraso recorrente fechamento financeiro alem disso alinhamento sobre proximos marcos cronograma equipe destacou importancia documentar bem processos internos sugerida prova conceito validar aderencia,1,0,0
701,T0702,2026-06-12 00:00:00,Serviços,Grande,,CRM,durante reuniao empresa setor servicos porte grande diretora financeira explicou utiliza principalmente modulo crm mencionou contrato perto vencimento previsao renovacao alem disso avaliando contratar modulo analytics revelou sankhya ofereceu desconto agressivo possivel migracao sugerida prova conceito validar aderencia,1,1,1
702,T0703,2026-07-05 00:00:00,Varejo,Média,Presencial,Manufatura,durante reuniao empresa setor varejo porte media analista financeiro pontuou utiliza principalmente modulo manufatura informou confianca equipe sistema caiu ultimos meses alem disso listadas pendencias proxima sprint lideranca quer evidencias quantitativas antes decidir expansao proxima etapa sera consolidar requisitos priorizar entregas,1,0,0
703,T0704,2026-05-12 00:00:00,Distribuição,Média,Google Meet,Fluig,durante reuniao empresa setor distribuicao porte media coordenador operacoes disse utiliza principalmente modulo fluig disse recebeu reclamacoes internas sobre qualidade suporte alem disso apresentado status atual plano implantacao existe expectativa ganho produtividade automacao fluxo aprovacao partes alinharam retorno ate duas semanas,1,0,0
704,T0705,2026-07-02 00:00:00,Indústria,Grande,Teams,ERP,durante reuniao empresa setor industria porte grande supervisor fiscal comentou utiliza principalmente modulo erp apresentado status atual plano implantacao alem disso perguntou sobre condicoes adicionar modulo fiscal contrato atual citou oracle netsuite fez contato oferecendo pacote similar ficou combinado retornar plano acao nova demonstracao,0,1,1
705,T0706,2026-04-24 00:00:00,Serviços,Média,,Analytics,durante reuniao empresa setor servicos porte media coordenador operacoes disse utiliza principalmente modulo analytics listadas pendencias proxima sprint alem disso equipe alinhou cronograma nova rodada testes informou processo cotacao linx decisao dependera percepcao valor proximas semanas,0,0,1
706,T0707,2026-06-18 00:00:00,Serviços,Grande,Zoom,Analytics,durante reuniao empresa setor servicos porte grande diretor ti ressaltou utiliza principalmente modulo analytics equipe validou escopo projeto proxima fase alem disso alinhamento sobre proximos marcos cronograma cliente quer reduzir trabalho manual centralizar dados unica plataforma decisao dependera percepcao valor proximas semanas,0,0,0
707,T0708,2026-05-14 00:00:00,Varejo,Pequena,Zoom,Analytics,durante reuniao empresa setor varejo porte pequena lider operacoes declarou utiliza principalmente modulo analytics sinalizou disposicao investir novo modulo ainda ano alem disso discutidos responsaveis prazos proximos passos citou oracle netsuite fez contato oferecendo pacote similar partes alinharam retorno ate duas semanas,0,1,1
708,T0709,2026-05-17 00:00:00,Tecnologia,Pequena,Presencial,RH,durante reuniao empresa setor tecnologia porte pequena gerente projetos pontuou utiliza principalmente modulo rh demonstrou abertura piloto dashboard gerencial alem disso disse time sobrecarregado retrabalho mencionado concorrencia apresentou proposta agressiva sugerida prova conceito validar aderencia,1,0,1
709,T0710,2026-07-22 00:00:00,Agronegócio,Pequena,Teams,Analytics,durante reuniao empresa setor agronegocio porte pequena responsavel projeto destacou utiliza principalmente modulo analytics listadas pendencias proxima sprint alem disso registrou atraso recorrente fechamento financeiro lideranca quer evidencias quantitativas antes decidir expansao proxima etapa sera consolidar requisitos priorizar entregas,1,0,0
710,T0711,2026-04-26 00:00:00,Indústria,Pequena,Google Meet,Protheus,durante reuniao empresa setor industria porte pequena diretor ti ressaltou utiliza principalmente modulo protheus alinhamento sobre proximos marcos cronograma alem disso equipe validou escopo projeto proxima fase conversa reforcou necessidade padronizacao cadastro qualidade dados ficou combinado retornar plano acao nova demonstracao,0,0,0
711,T0712,2026-06-08 00:00:00,Varejo,Média,Google Meet,RH,durante reuniao empresa setor varejo porte media analista ti afirmou utiliza principalmente modulo rh mencionou contrato perto vencimento previsao renovacao alem disso grupo revisou perfis acesso regras negocio tambem apareceu necessidade melhorar visibilidade indicadores diretoria ficou combinado retornar plano acao nova demonstracao,1,0,0
712,T0713,2026-07-01 00:00:00,Logística,Pequena,Zoom,CRM,durante reuniao empresa setor logistica porte pequena gerente projetos pontuou utiliza principalmente modulo crm time revisou relatorios operacionais ultimo mes alem disso demonstrou interesse conhecer modulo manufatura mencionado concorrencia apresentou proposta agressiva proxima etapa sera consolidar requisitos priorizar entregas,0,1,1
713,T0714,2026-07-04 00:00:00,Varejo,Grande,Presencial,Fiscal,durante reuniao empresa setor varejo porte grande analista ti afirmou utiliza principalmente modulo fiscal disse time sobrecarregado retrabalho alem disso reuniao foco mapeamento processo atual existe expectativa ganho produtividade automacao fluxo aprovacao time pediu acompanhamento quinzenal medir evolucao,1,0,0
714,T0715,2026-05-30 00:00:00,Agronegócio,Média,Presencial,RH,durante reuniao empresa setor agronegocio porte media lider operacoes declarou utiliza principalmente modulo rh validada necessidade treinamento usuarioschave alem disso grupo revisou perfis acesso regras negocio ficou registrada necessidade revisar relatorios fiscais mensais proxima etapa sera consolidar requisitos priorizar entregas,0,0,0
715,T0716,2026-08-12 00:00:00,Agronegócio,Grande,,Protheus,durante reuniao empresa setor agronegocio porte grande cliente relatou utiliza principalmente modulo protheus disse recebeu reclamacoes internas sobre qualidade suporte alem disso mostrou interesse modulo fiscal relatorios inteligentes relatou concorrente ofereceu condicoes comerciais vantajosas escopo ficou definido followup proxima quinzena,1,1,1
716,T0717,2026-06-01 00:00:00,Distribuição,Pequena,Teams,Analytics,durante reuniao empresa setor distribuicao porte pequena diretora financeira explicou utiliza principalmente modulo analytics time revisou relatorios operacionais ultimo mes alem disso sinalizou disposicao investir novo modulo ainda ano cliente quer reduzir trabalho manual centralizar dados unica plataforma time pediu acompanhamento quinzenal medir evolucao,0,1,0
717,T0718,2026-07-31 00:00:00,Saúde,Grande,Teams,Fiscal,durante reuniao empresa setor saude porte grande diretor ti ressaltou utiliza principalmente modulo fiscal solicitou reuniao comercial tratar expansao escopo alem disso validada necessidade treinamento usuarioschave revelou sankhya ofereceu desconto agressivo possivel migracao proxima etapa sera consolidar requisitos priorizar entregas,0,1,1
718,T0719,2026-07-07 00:00:00,Tecnologia,Média,Teams,Financeiro,durante reuniao empresa setor tecnologia porte media responsavel projeto destacou utiliza principalmente modulo financeiro cliente pediu documentacao tecnica complementar alem disso relatou lentidao horarios pico conversa reforcou necessidade padronizacao cadastro qualidade dados proxima etapa sera consolidar requisitos priorizar entregas,1,0,0
719,T0720,2026-07-04 00:00:00,Educação,Média,Presencial,RH,durante reuniao empresa setor educacao porte media analista financeiro pontuou utiliza principalmente modulo rh cliente pediu documentacao tecnica complementar alem disso sinalizou possibilidade upgrade contrato equipe destacou importancia documentar bem processos internos ficou combinado retornar plano acao nova demonstracao,0,1,0
720,T0721,2026-05-03 00:00:00,Tecnologia,Grande,,RH,durante reuniao empresa setor tecnologia porte grande gerente rh informou utiliza principalmente modulo rh listadas pendencias proxima sprint alem disso quer integrar crm erp ainda neste semestre time tecnico reforcou importancia manter base dados atualizada ficou definido followup proxima quinzena,0,1,0
721,T0722,2026-07-26 00:00:00,Educação,Grande,Google Meet,BI,durante reuniao empresa setor educacao porte grande analista financeiro pontuou utiliza principalmente modulo bi interesse ampliar uso sistema alem disso equipe validou escopo projeto proxima fase citou oracle netsuite fez contato oferecendo pacote similar proxima etapa sera consolidar requisitos priorizar entregas,0,1,1
722,T0723,2026-05-26 00:00:00,Varejo,Média,Presencial,Protheus,durante reuniao empresa setor varejo porte media lider operacoes declarou utiliza principalmente modulo protheus demonstrou abertura piloto dashboard gerencial alem disso grupo revisou perfis acesso regras negocio time interno considera importante acelerar adocao usuarios finais cliente espera melhoria perceptivel antes ampliar escopo,0,0,0
723,T0724,2026-06-16 00:00:00,Educação,Pequena,,Manufatura,durante reuniao empresa setor educacao porte pequena gestor comentou utiliza principalmente modulo manufatura listadas pendencias proxima sprint alem disso apresentado status atual plano implantacao tambem apareceu necessidade melhorar visibilidade indicadores diretoria partes alinharam retorno ate duas semanas,0,0,0
724,T0725,2026-05-20 00:00:00,Tecnologia,Média,Zoom,BI,durante reuniao empresa setor tecnologia porte media gestor comentou utiliza principalmente modulo bi interesse ampliar uso sistema alem disso feita retrospectiva entregas ultimo trimestre ficou registrada necessidade revisar relatorios fiscais mensais sugerida prova conceito validar aderencia,0,1,0
725,T0726,2026-05-24 00:00:00,Distribuição,Grande,Teams,Protheus,durante reuniao empresa setor distribuicao porte grande gestor comentou utiliza principalmente modulo protheus equipe validou escopo projeto proxima fase alem disso time revisou relatorios operacionais ultimo mes cliente quer reduzir trabalho manual centralizar dados unica plataforma partes alinharam retorno ate duas semanas,0,0,0
726,T0727,2026-04-25 00:00:00,Logística,Média,Teams,Protheus,durante reuniao empresa setor logistica porte media diretora financeira explicou utiliza principalmente modulo protheus discutidos responsaveis prazos proximos passos alem disso apresentado status atual plano implantacao equipe destacou importancia documentar bem processos internos partes alinharam retorno ate duas semanas,0,0,0
727,T0728,2026-06-01 00:00:00,Serviços,Média,Google Meet,RH,durante reuniao empresa setor servicos porte media cliente relatou utiliza principalmente modulo rh alinhamento sobre proximos marcos cronograma alem disso demonstrou interesse conhecer modulo manufatura comentou diretoria pediu benchmark totvs outros fornecedores mercado partes alinharam retorno ate duas semanas,0,1,1
728,T0729,2026-04-22 00:00:00,Saúde,Média,,Financeiro,durante reuniao empresa setor saude porte media equipe comercial observou utiliza principalmente modulo financeiro cliente pediu documentacao tecnica complementar alem disso solicitou reuniao comercial tratar expansao escopo comentou recebeu cotacao senior sistemas condicoes atrativas partes alinharam retorno ate duas semanas,0,1,1
729,T0730,2026-04-26 00:00:00,Logística,Pequena,,BI,durante reuniao empresa setor logistica porte pequena analista ti afirmou utiliza principalmente modulo bi time revisou relatorios operacionais ultimo mes alem disso feita retrospectiva entregas ultimo trimestre area negocio pediu alertas automaticos acompanhar desvios criticos ficou definido followup proxima quinzena diretoria pediu visao consolidada indicadores especialmente receita margem inadimplencia,0,0,0
730,T0731,2026-05-01 00:00:00,Educação,Grande,Teams,Protheus,durante reuniao empresa setor educacao porte grande coordenador operacoes disse utiliza principalmente modulo protheus perguntou sobre condicoes adicionar modulo fiscal contrato atual alem disso alinhamento sobre proximos marcos cronograma conversa reforcou necessidade padronizacao cadastro qualidade dados cliente espera melhoria perceptivel antes ampliar escopo,0,1,0
731,T0732,2026-04-09 00:00:00,Saúde,Pequena,,ERP,durante reuniao empresa setor saude porte pequena gestor comentou utiliza principalmente modulo erp mencionou nivel servico abaixo combinado contrato alem disso pediu proposta automacao processos existe expectativa ganho produtividade automacao fluxo aprovacao ficou combinado retornar plano acao nova demonstracao,1,1,0
732,T0733,2026-08-15 00:00:00,Varejo,Pequena,,CRM,durante reuniao empresa setor varejo porte pequena analista financeiro pontuou utiliza principalmente modulo crm grupo revisou perfis acesso regras negocio alem disso discutidos responsaveis prazos proximos passos equipe destacou importancia documentar bem processos internos ficou combinado retornar plano acao nova demonstracao,0,0,0
733,T0734,2026-05-07 00:00:00,Construção,Pequena,Teams,RH,durante reuniao empresa setor construcao porte pequena coordenador operacoes disse utiliza principalmente modulo rh solicitou apresentacao funcionalidades avancadas bi alem disso equipe validou escopo projeto proxima fase citou oracle netsuite fez contato oferecendo pacote similar sugerida prova conceito validar aderencia,0,1,1
734,T0735,2026-05-12 00:00:00,Serviços,Média,Zoom,ERP,durante reuniao empresa setor servicos porte media diretor ti ressaltou utiliza principalmente modulo erp time revisou relatorios operacionais ultimo mes alem disso listadas pendencias proxima sprint relatou concorrente ofereceu condicoes comerciais vantajosas escopo ficou combinado retornar plano acao nova demonstracao diretoria pediu visao consolidada indicadores especialmente receita margem inadimplencia,0,0,1
735,T0736,2026-07-05 00:00:00,Agronegócio,Grande,,RH,durante reuniao empresa setor agronegocio porte grande cliente relatou utiliza principalmente modulo rh listadas pendencias proxima sprint alem disso demonstrou abertura piloto dashboard gerencial informou processo cotacao linx partes alinharam retorno ate duas semanas diretoria pediu visao consolidada indicadores especialmente receita margem inadimplencia,0,0,1
736,T0737,2026-08-19 00:00:00,Serviços,Pequena,Google Meet,Analytics,durante reuniao empresa setor servicos porte pequena gestor comentou utiliza principalmente modulo analytics perguntou sobre possibilidade contratar modulo rh alem disso mencionou contrato perto vencimento previsao renovacao revelou sankhya ofereceu desconto agressivo possivel migracao decisao dependera percepcao valor proximas semanas ha interesse poc analytics budget ainda depende aprovacao,1,1,1
737,T0738,2026-05-02 00:00:00,Educação,Grande,Google Meet,RH,durante reuniao empresa setor educacao porte grande gerente projetos pontuou utiliza principalmente modulo rh solicitou reuniao comercial tratar expansao escopo alem disso validada necessidade treinamento usuarioschave equipe destacou importancia documentar bem processos internos decisao dependera percepcao valor proximas semanas,0,1,0
738,T0739,2026-07-09 00:00:00,Educação,Média,,Fiscal,durante reuniao empresa setor educacao porte media supervisor fiscal comentou utiliza principalmente modulo fiscal feita retrospectiva entregas ultimo trimestre alem disso listadas pendencias proxima sprint comentou recebeu cotacao senior sistemas condicoes atrativas decisao dependera percepcao valor proximas semanas diretoria pediu visao consolidada indicadores especialmente receita margem inadimplencia,0,0,1
739,T0740,2026-06-08 00:00:00,Indústria,Grande,Google Meet,Financeiro,durante reuniao empresa setor industria porte grande diretor ti ressaltou utiliza principalmente modulo financeiro sinalizou disposicao investir novo modulo ainda ano alem disso time revisou relatorios operacionais ultimo mes cliente quer reduzir trabalho manual centralizar dados unica plataforma ficou definido followup proxima quinzena,0,1,0
740,T0741,2026-07-19 00:00:00,Tecnologia,Grande,Teams,ERP,durante reuniao empresa setor tecnologia porte grande diretor ti ressaltou utiliza principalmente modulo erp feita retrospectiva entregas ultimo trimestre alem disso validada necessidade treinamento usuarioschave informou processo cotacao linx time pediu acompanhamento quinzenal medir evolucao,0,0,1
741,T0742,2026-04-24 00:00:00,Educação,Grande,Zoom,Analytics,durante reuniao empresa setor educacao porte grande analista financeiro pontuou utiliza principalmente modulo analytics manifestou interesse expandir uso sistema outras unidades alem disso discutidos responsaveis prazos proximos passos mencionado concorrencia apresentou proposta agressiva partes alinharam retorno ate duas semanas,0,1,1
742,T0743,2026-08-15 00:00:00,Saúde,Média,Zoom,RH,durante reuniao empresa setor saude porte media gerente rh informou utiliza principalmente modulo rh sinalizou possibilidade upgrade contrato alem disso time revisou relatorios operacionais ultimo mes time tecnico reforcou importancia manter base dados atualizada time pediu acompanhamento quinzenal medir evolucao,0,1,0
743,T0744,2026-08-14 00:00:00,Agronegócio,Pequena,,CRM,durante reuniao empresa setor agronegocio porte pequena cliente relatou utiliza principalmente modulo crm alinhamento sobre proximos marcos cronograma alem disso apresentado status atual plano implantacao cliente quer reduzir trabalho manual centralizar dados unica plataforma proxima etapa sera consolidar requisitos priorizar entregas,0,0,0
744,T0745,2026-08-05 00:00:00,Serviços,Pequena,Google Meet,Analytics,durante reuniao empresa setor servicos porte pequena gestor comentou utiliza principalmente modulo analytics comentou diretoria questiona valor entregue alem disso quer integrar crm erp ainda neste semestre citou oracle netsuite fez contato oferecendo pacote similar ficou definido followup proxima quinzena,1,1,1
745,T0746,2026-05-26 00:00:00,Construção,Grande,,Protheus,durante reuniao empresa setor construcao porte grande head tecnologia ressaltou utiliza principalmente modulo protheus comentou equipe pouco engajada continuar usando ferramenta alem disso equipe validou escopo projeto proxima fase existe expectativa ganho produtividade automacao fluxo aprovacao time pediu acompanhamento quinzenal medir evolucao diretoria pediu visao consolidada indicadores especialmente receita margem inadimplencia,1,0,0
746,T0747,2026-05-18 00:00:00,Serviços,Média,Zoom,Analytics,durante reuniao empresa setor servicos porte media analista ti afirmou utiliza principalmente modulo analytics solicitou apresentacao funcionalidades avancadas bi alem disso disse recebeu reclamacoes internas sobre qualidade suporte relatou concorrente ofereceu condicoes comerciais vantajosas escopo sugerida prova conceito validar aderencia,1,1,1
747,T0748,2026-06-04 00:00:00,Distribuição,Média,Presencial,Fluig,durante reuniao empresa setor distribuicao porte media responsavel projeto destacou utiliza principalmente modulo fluig listadas pendencias proxima sprint alem disso avaliou contratar consultoria adicional acelerar implantacao time tecnico reforcou importancia manter base dados atualizada decisao dependera percepcao valor proximas semanas obs: mencao dashboard tempo real necessidade integracao via api,0,1,0
748,T0749,2026-07-21 00:00:00,Indústria,Média,Teams,Analytics,durante reuniao empresa setor industria porte media gerente rh informou utiliza principalmente modulo analytics reuniao foco mapeamento processo atual alem disso cliente pediu documentacao tecnica complementar informou processo cotacao linx partes alinharam retorno ate duas semanas,0,0,1
749,T0750,2026-08-01 00:00:00,Construção,Pequena,Presencial,CRM,durante reuniao empresa setor construcao porte pequena coordenador operacoes disse utiliza principalmente modulo crm alinhamento sobre proximos marcos cronograma alem disso solicitou reuniao comercial tratar expansao escopo mencionou salesforce entrou contato oferecendo modulo crm partes alinharam retorno ate duas semanas,0,1,1
750,T0751,2026-04-29 00:00:00,Saúde,Pequena,Teams,BI,durante reuniao empresa setor saude porte pequena gestor comentou utiliza principalmente modulo bi reuniao foco mapeamento processo atual alem disso discutidos responsaveis prazos proximos passos existe expectativa ganho produtividade automacao fluxo aprovacao time pediu acompanhamento quinzenal medir evolucao,0,0,0
751,T0752,2026-06-12 00:00:00,Varejo,Pequena,Presencial,Financeiro,durante reuniao empresa setor varejo porte pequena supervisor fiscal comentou utiliza principalmente modulo financeiro time revisou relatorios operacionais ultimo mes alem disso avaliando contratar modulo analytics time interno considera importante acelerar adocao usuarios finais decisao dependera percepcao valor proximas semanas,0,1,0
752,T0753,2026-07-19 00:00:00,Distribuição,Média,Zoom,Fiscal,durante reuniao empresa setor distribuicao porte media supervisor fiscal comentou utiliza principalmente modulo fiscal equipe alinhou cronograma nova rodada testes alem disso demonstrou abertura piloto dashboard gerencial revelou sankhya ofereceu desconto agressivo possivel migracao proxima etapa sera consolidar requisitos priorizar entregas,0,0,1
753,T0754,2026-07-19 00:00:00,Indústria,Grande,Teams,Analytics,durante reuniao empresa setor industria porte grande gerente projetos pontuou utiliza principalmente modulo analytics citou insatisfacao suporte ultimo mes alem disso listadas pendencias proxima sprint time tecnico reforcou importancia manter base dados atualizada decisao dependera percepcao valor proximas semanas,1,0,0
754,T0755,2026-04-16 00:00:00,Tecnologia,Média,Zoom,ERP,durante reuniao empresa setor tecnologia porte media diretora financeira explicou utiliza principalmente modulo erp perguntou sobre possibilidade contratar modulo rh alem disso grupo revisou perfis acesso regras negocio tambem apareceu necessidade melhorar visibilidade indicadores diretoria partes alinharam retorno ate duas semanas,0,1,0
755,T0756,2026-06-22 00:00:00,Distribuição,Média,Presencial,ERP,durante reuniao empresa setor distribuicao porte media head tecnologia ressaltou utiliza principalmente modulo erp listadas pendencias proxima sprint alem disso quer integrar crm erp ainda neste semestre citou oracle netsuite fez contato oferecendo pacote similar ficou definido followup proxima quinzena,0,1,1
756,T0757,2026-08-20 00:00:00,Educação,Média,Google Meet,Fluig,durante reuniao empresa setor educacao porte media analista financeiro pontuou utiliza principalmente modulo fluig avaliou contratar consultoria adicional acelerar implantacao alem disso relatou time cogita buscar alternativas mercado citou oracle netsuite fez contato oferecendo pacote similar ficou combinado retornar plano acao nova demonstracao,1,1,1
757,T0758,2026-05-01 00:00:00,Indústria,Grande,Teams,Financeiro,durante reuniao empresa setor industria porte grande analista financeiro pontuou utiliza principalmente modulo financeiro quer integrar crm erp ainda neste semestre alem disso comentou equipe pouco engajada continuar usando ferramenta time tecnico reforcou importancia manter base dados atualizada time pediu acompanhamento quinzenal medir evolucao,1,1,0
758,T0759,2026-05-10 00:00:00,Indústria,Pequena,Teams,Manufatura,durante reuniao empresa setor industria porte pequena coordenador operacoes disse utiliza principalmente modulo manufatura time revisou relatorios operacionais ultimo mes alem disso cliente pediu documentacao tecnica complementar tambem apareceu necessidade melhorar visibilidade indicadores diretoria ficou definido followup proxima quinzena,0,0,0
759,T0760,2026-08-13 00:00:00,Tecnologia,Pequena,Teams,RH,durante reuniao empresa setor tecnologia porte pequena responsavel projeto destacou utiliza principalmente modulo rh cliente pediu documentacao tecnica complementar alem disso reclamou falhas integracao sistemas equipe destacou importancia documentar bem processos internos cliente espera melhoria perceptivel antes ampliar escopo,1,0,0
760,T0761,2026-08-15 00:00:00,Tecnologia,Pequena,Teams,CRM,durante reuniao empresa setor tecnologia porte pequena lider operacoes declarou utiliza principalmente modulo crm discutidos responsaveis prazos proximos passos alem disso listadas pendencias proxima sprint area negocio pediu alertas automaticos acompanhar desvios criticos decisao dependera percepcao valor proximas semanas,0,0,0
761,T0762,2026-04-03 00:00:00,Tecnologia,Média,,Fiscal,durante reuniao empresa setor tecnologia porte media responsavel projeto destacou utiliza principalmente modulo fiscal feita retrospectiva entregas ultimo trimestre alem disso declarou diretoria avalia suspender uso sistema lideranca quer evidencias quantitativas antes decidir expansao decisao dependera percepcao valor proximas semanas,1,0,0
762,T0763,2026-04-11 00:00:00,Educação,Média,Teams,ERP,durante reuniao empresa setor educacao porte media gerente projetos pontuou utiliza principalmente modulo erp demonstrou interesse ampliar numero licencas usuarios alem disso citou insatisfacao suporte ultimo mes relatou concorrente ofereceu condicoes comerciais vantajosas escopo proxima etapa sera consolidar requisitos priorizar entregas reuniao hibrida audio trechos curtos frases interrompidas assim ficou claro desconforto falhas,1,1,1
763,T0764,2026-08-19 00:00:00,Construção,Grande,Teams,Manufatura,durante reuniao empresa setor construcao porte grande head tecnologia ressaltou utiliza principalmente modulo manufatura equipe validou escopo projeto proxima fase alem disso cliente pediu documentacao tecnica complementar existe expectativa ganho produtividade automacao fluxo aprovacao cliente espera melhoria perceptivel antes ampliar escopo,0,0,0
764,T0765,2026-04-05 00:00:00,Tecnologia,Grande,,Analytics,durante reuniao empresa setor tecnologia porte grande analista financeiro pontuou utiliza principalmente modulo analytics relatou sistema apresentou instabilidade momento critico operacao alem disso apresentado status atual plano implantacao relatou concorrente ofereceu condicoes comerciais vantajosas escopo ficou combinado retornar plano acao nova demonstracao,1,0,1
765,T0766,2026-07-11 00:00:00,Educação,Média,Teams,Manufatura,durante reuniao empresa setor educacao porte media gestor comentou utiliza principalmente modulo manufatura solicitou reuniao comercial tratar expansao escopo alem disso reclamou falhas integracao sistemas ficou registrada necessidade revisar relatorios fiscais mensais sugerida prova conceito validar aderencia,1,1,0
766,T0767,2026-05-17 00:00:00,Construção,Pequena,Google Meet,BI,durante reuniao empresa setor construcao porte pequena head tecnologia ressaltou utiliza principalmente modulo bi pediu proposta automacao processos alem disso feita retrospectiva entregas ultimo trimestre equipe destacou importancia documentar bem processos internos ficou combinado retornar plano acao nova demonstracao ha interesse poc analytics budget ainda depende aprovacao,0,1,0
767,T0768,2026-07-13 00:00:00,Saúde,Grande,,BI,durante reuniao empresa setor saude porte grande analista financeiro pontuou utiliza principalmente modulo bi feita retrospectiva entregas ultimo trimestre alem disso alinhamento sobre proximos marcos cronograma equipe destacou importancia documentar bem processos internos proxima etapa sera consolidar requisitos priorizar entregas,0,0,0
768,T0769,2026-04-12 00:00:00,Educação,Pequena,Zoom,ERP,durante reuniao empresa setor educacao porte pequena cliente relatou utiliza principalmente modulo erp alinhamento sobre proximos marcos cronograma alem disso mencionou risco cancelamento problema persistir conversa reforcou necessidade padronizacao cadastro qualidade dados time pediu acompanhamento quinzenal medir evolucao,1,0,0
769,T0770,2026-07-23 00:00:00,Educação,Média,Google Meet,CRM,durante reuniao empresa setor educacao porte media cliente relatou utiliza principalmente modulo crm comentou diretoria questiona valor entregue alem disso interesse ampliar uso sistema time tecnico reforcou importancia manter base dados atualizada proxima etapa sera consolidar requisitos priorizar entregas time citou churn risco caso sla suporte nao melhore,1,1,0
770,T0771,2026-07-16 00:00:00,Educação,Pequena,Teams,Protheus,durante reuniao empresa setor educacao porte pequena gerente rh informou utiliza principalmente modulo protheus demonstrou interesse conhecer modulo manufatura alem disso afirmou ja perdeu produtividade causa falhas recentes tambem apareceu necessidade melhorar visibilidade indicadores diretoria decisao dependera percepcao valor proximas semanas,1,1,0
771,T0772,2026-04-29 00:00:00,Varejo,Pequena,Zoom,Financeiro,durante reuniao empresa setor varejo porte pequena diretora financeira explicou utiliza principalmente modulo financeiro grupo revisou perfis acesso regras negocio alem disso manifestou interesse expandir uso sistema outras unidades equipe destacou importancia documentar bem processos internos time pediu acompanhamento quinzenal medir evolucao ha interesse poc analytics budget ainda depende aprovacao,0,1,0
772,T0773,2026-08-14 00:00:00,Logística,Grande,Teams,Manufatura,durante reuniao empresa setor logistica porte grande cliente relatou utiliza principalmente modulo manufatura apresentado status atual plano implantacao alem disso feita retrospectiva entregas ultimo trimestre citou oracle netsuite fez contato oferecendo pacote similar time pediu acompanhamento quinzenal medir evolucao,0,0,1
773,T0774,2026-06-07 00:00:00,Saúde,Pequena,Teams,BI,durante reuniao empresa setor saude porte pequena gestor comentou utiliza principalmente modulo bi reclamou falhas integracao sistemas alem disso listadas pendencias proxima sprint ficou registrada necessidade revisar relatorios fiscais mensais proxima etapa sera consolidar requisitos priorizar entregas diretoria pediu visao consolidada indicadores especialmente receita margem inadimplencia,1,0,0
774,T0775,2026-05-03 00:00:00,Educação,Média,Google Meet,Fluig,durante reuniao empresa setor educacao porte media time atendimento apontou utiliza principalmente modulo fluig sinalizou disposicao investir novo modulo ainda ano alem disso revisao indicadores serao acompanhados mencionou salesforce entrou contato oferecendo modulo crm sugerida prova conceito validar aderencia,0,1,1
775,T0776,2026-08-06 00:00:00,Tecnologia,Grande,Presencial,Fiscal,durante reuniao empresa setor tecnologia porte grande coordenador operacoes disse utiliza principalmente modulo fiscal listadas pendencias proxima sprint alem disso demonstrou interesse ampliar numero licencas usuarios equipe destacou importancia documentar bem processos internos partes alinharam retorno ate duas semanas,0,1,0
776,T0777,2026-04-23 00:00:00,Distribuição,Média,Zoom,Financeiro,durante reuniao empresa setor distribuicao porte media gerente projetos pontuou utiliza principalmente modulo financeiro reuniao foco mapeamento processo atual alem disso grupo revisou perfis acesso regras negocio comentou recebeu cotacao senior sistemas condicoes atrativas proxima etapa sera consolidar requisitos priorizar entregas diretoria pediu visao consolidada indicadores especialmente receita margem inadimplencia,0,0,1
777,T0778,2026-05-06 00:00:00,Construção,Média,Teams,Fiscal,durante reuniao empresa setor construcao porte media head tecnologia ressaltou utiliza principalmente modulo fiscal equipe alinhou cronograma nova rodada testes alem disso afirmou ja perdeu produtividade causa falhas recentes time interno considera importante acelerar adocao usuarios finais cliente espera melhoria perceptivel antes ampliar escopo,1,0,0
778,T0779,2026-04-07 00:00:00,Serviços,Média,Zoom,Analytics,durante reuniao empresa setor servicos porte media diretor ti ressaltou utiliza principalmente modulo analytics revisao indicadores serao acompanhados alem disso registrou atraso recorrente fechamento financeiro mencionado concorrencia apresentou proposta agressiva sugerida prova conceito validar aderencia,1,0,1
779,T0780,2026-07-16 00:00:00,Educação,Pequena,Presencial,BI,durante reuniao empresa setor educacao porte pequena analista financeiro pontuou utiliza principalmente modulo bi relatou time cogita buscar alternativas mercado alem disso manifestou interesse expandir uso sistema outras unidades area negocio pediu alertas automaticos acompanhar desvios criticos time pediu acompanhamento quinzenal medir evolucao,1,1,0
780,T0781,2026-04-16 00:00:00,Indústria,Grande,Teams,Fiscal,durante reuniao empresa setor industria porte grande cliente relatou utiliza principalmente modulo fiscal sinalizou possibilidade upgrade contrato alem disso listadas pendencias proxima sprint comentou diretoria pediu benchmark totvs outros fornecedores mercado decisao dependera percepcao valor proximas semanas,0,1,1
781,T0782,2026-05-11 00:00:00,Construção,Pequena,,Manufatura,durante reuniao empresa setor construcao porte pequena cliente relatou utiliza principalmente modulo manufatura time revisou relatorios operacionais ultimo mes alem disso equipe alinhou cronograma nova rodada testes equipe destacou importancia documentar bem processos internos cliente espera melhoria perceptivel antes ampliar escopo,0,0,0
782,T0783,2026-04-20 00:00:00,Varejo,Média,Google Meet,Manufatura,durante reuniao empresa setor varejo porte media gerente projetos pontuou utiliza principalmente modulo manufatura demonstrou abertura piloto dashboard gerencial alem disso relatou sistema apresentou instabilidade momento critico operacao tambem apareceu necessidade melhorar visibilidade indicadores diretoria partes alinharam retorno ate duas semanas,1,0,0
783,T0784,2026-06-25 00:00:00,Indústria,Pequena,Google Meet,BI,durante reuniao empresa setor industria porte pequena coordenador operacoes disse utiliza principalmente modulo bi mostrou interesse modulo fiscal relatorios inteligentes alem disso relatou lentidao horarios pico equipe destacou importancia documentar bem processos internos cliente espera melhoria perceptivel antes ampliar escopo,1,1,0
784,T0785,2026-04-09 00:00:00,Distribuição,Média,Zoom,RH,durante reuniao empresa setor distribuicao porte media supervisor fiscal comentou utiliza principalmente modulo rh citou insatisfacao suporte ultimo mes alem disso equipe validou escopo projeto proxima fase existe expectativa ganho produtividade automacao fluxo aprovacao cliente espera melhoria perceptivel antes ampliar escopo,1,0,0
785,T0786,2026-06-12 00:00:00,Serviços,Grande,Teams,Fluig,durante reuniao empresa setor servicos porte grande lider operacoes declarou utiliza principalmente modulo fluig demonstrou interesse conhecer modulo manufatura alem disso time revisou relatorios operacionais ultimo mes cliente quer reduzir trabalho manual centralizar dados unica plataforma proxima etapa sera consolidar requisitos priorizar entregas,0,1,0
786,T0787,2026-05-09 00:00:00,Indústria,Grande,Presencial,CRM,durante reuniao empresa setor industria porte grande supervisor fiscal comentou utiliza principalmente modulo crm feita retrospectiva entregas ultimo trimestre alem disso reuniao foco mapeamento processo atual cliente quer reduzir trabalho manual centralizar dados unica plataforma sugerida prova conceito validar aderencia,0,0,0
787,T0788,2026-05-30 00:00:00,Distribuição,Grande,Teams,BI,durante reuniao empresa setor distribuicao porte grande coordenador operacoes disse utiliza principalmente modulo bi relatou time cogita buscar alternativas mercado alem disso time revisou relatorios operacionais ultimo mes ficou registrada necessidade revisar relatorios fiscais mensais sugerida prova conceito validar aderencia,1,0,0
788,T0789,2026-07-09 00:00:00,Distribuição,Pequena,,RH,durante reuniao empresa setor distribuicao porte pequena diretora financeira explicou utiliza principalmente modulo rh reclamou falhas integracao sistemas alem disso equipe validou escopo projeto proxima fase conversa reforcou necessidade padronizacao cadastro qualidade dados cliente espera melhoria perceptivel antes ampliar escopo,1,0,0
789,T0790,2026-04-23 00:00:00,Varejo,Pequena,Presencial,Fluig,durante reuniao empresa setor varejo porte pequena cliente relatou utiliza principalmente modulo fluig demonstrou abertura piloto dashboard gerencial alem disso cliente pediu documentacao tecnica complementar lideranca quer evidencias quantitativas antes decidir expansao time pediu acompanhamento quinzenal medir evolucao,0,0,0
790,T0791,2026-07-31 00:00:00,Construção,Média,Teams,Analytics,durante reuniao empresa setor construcao porte media supervisor fiscal comentou utiliza principalmente modulo analytics disse recebeu reclamacoes internas sobre qualidade suporte alem disso reuniao foco mapeamento processo atual lideranca quer evidencias quantitativas antes decidir expansao partes alinharam retorno ate duas semanas,1,0,0
791,T0792,2026-08-10 00:00:00,Agronegócio,Média,Google Meet,Analytics,durante reuniao empresa setor agronegocio porte media diretor ti ressaltou utiliza principalmente modulo analytics listadas pendencias proxima sprint alem disso discutidos responsaveis prazos proximos passos lideranca quer evidencias quantitativas antes decidir expansao cliente espera melhoria perceptivel antes ampliar escopo,0,0,0
792,T0793,2026-04-03 00:00:00,Educação,Pequena,Google Meet,Manufatura,durante reuniao empresa setor educacao porte pequena cliente relatou utiliza principalmente modulo manufatura listadas pendencias proxima sprint alem disso equipe validou escopo projeto proxima fase revelou sankhya ofereceu desconto agressivo possivel migracao partes alinharam retorno ate duas semanas,0,0,1
793,T0794,2026-08-15 00:00:00,Varejo,Pequena,Zoom,BI,durante reuniao empresa setor varejo porte pequena analista financeiro pontuou utiliza principalmente modulo bi quer integrar crm erp ainda neste semestre alem disso listadas pendencias proxima sprint time interno considera importante acelerar adocao usuarios finais partes alinharam retorno ate duas semanas,0,1,0
794,T0795,2026-07-31 00:00:00,Saúde,Média,Presencial,Protheus,durante reuniao empresa setor saude porte media coordenador operacoes disse utiliza principalmente modulo protheus revisao indicadores serao acompanhados alem disso reclamou falhas integracao sistemas time interno considera importante acelerar adocao usuarios finais time pediu acompanhamento quinzenal medir evolucao,1,0,0
795,T0796,2026-07-02 00:00:00,Serviços,Média,Teams,Protheus,durante reuniao empresa setor servicos porte media gerente rh informou utiliza principalmente modulo protheus feita retrospectiva entregas ultimo trimestre alem disso reuniao foco mapeamento processo atual citou oracle netsuite fez contato oferecendo pacote similar decisao dependera percepcao valor proximas semanas,0,0,1
796,T0797,2026-06-16 00:00:00,Varejo,Média,,Financeiro,durante reuniao empresa setor varejo porte media diretor ti ressaltou utiliza principalmente modulo financeiro pediu proposta automacao processos alem disso relatou frustracao tempo resposta suporte tecnico conversa reforcou necessidade padronizacao cadastro qualidade dados partes alinharam retorno ate duas semanas,1,1,0
797,T0798,2026-07-17 00:00:00,Varejo,Média,,BI,durante reuniao empresa setor varejo porte media analista financeiro pontuou utiliza principalmente modulo bi sinalizou disposicao investir novo modulo ainda ano alem disso grupo revisou perfis acesso regras negocio existe expectativa ganho produtividade automacao fluxo aprovacao ficou combinado retornar plano acao nova demonstracao diretoria pediu visao consolidada indicadores especialmente receita margem inadimplencia,0,1,0
798,T0799,2026-06-21 00:00:00,Indústria,Pequena,Presencial,BI,durante reuniao empresa setor industria porte pequena time atendimento apontou utiliza principalmente modulo bi pediu proposta comercial modulo business intelligence alem disso validada necessidade treinamento usuarioschave lideranca quer evidencias quantitativas antes decidir expansao cliente espera melhoria perceptivel antes ampliar escopo,0,1,0
799,T0800,2026-04-25 00:00:00,Indústria,Pequena,Teams,Manufatura,durante reuniao empresa setor industria porte pequena analista financeiro pontuou utiliza principalmente modulo manufatura alinhamento sobre proximos marcos cronograma alem disso discutidos responsaveis prazos proximos passos equipe destacou importancia documentar bem processos internos partes alinharam retorno ate duas semanas,0,0,0
800,T0801,2026-04-04 00:00:00,Logística,Média,Zoom,ERP,durante reuniao empresa setor logistica porte media head tecnologia ressaltou utiliza principalmente modulo erp declarou diretoria avalia suspender uso sistema alem disso quer integrar crm erp ainda neste semestre ficou registrada necessidade revisar relatorios fiscais mensais partes alinharam retorno ate duas semanas,1,1,0
801,T0802,2026-06-25 00:00:00,Saúde,Pequena,Presencial,Manufatura,durante reuniao empresa setor saude porte pequena gestor comentou utiliza principalmente modulo manufatura discutidos responsaveis prazos proximos passos alem disso afirmou usuarios evitam usar algumas telas complexidade time tecnico reforcou importancia manter base dados atualizada partes alinharam retorno ate duas semanas,1,0,0
802,T0803,2026-06-12 00:00:00,Agronegócio,Pequena,Zoom,Analytics,durante reuniao empresa setor agronegocio porte pequena diretora financeira explicou utiliza principalmente modulo analytics apresentado status atual plano implantacao alem disso reuniao foco mapeamento processo atual conversa reforcou necessidade padronizacao cadastro qualidade dados ficou definido followup proxima quinzena,0,0,0
803,T0804,2026-08-07 00:00:00,Agronegócio,Pequena,Google Meet,Manufatura,durante reuniao empresa setor agronegocio porte pequena gerente rh informou utiliza principalmente modulo manufatura equipe alinhou cronograma nova rodada testes alem disso alinhamento sobre proximos marcos cronograma time tecnico reforcou importancia manter base dados atualizada partes alinharam retorno ate duas semanas diretoria pediu visao consolidada indicadores especialmente receita margem inadimplencia,0,0,0
804,T0805,2026-07-28 00:00:00,Serviços,Grande,Presencial,Protheus,durante reuniao empresa setor servicos porte grande gestor comentou utiliza principalmente modulo protheus demonstrou interesse ampliar numero licencas usuarios alem disso discutidos responsaveis prazos proximos passos lideranca quer evidencias quantitativas antes decidir expansao decisao dependera percepcao valor proximas semanas,0,1,0
805,T0806,2026-04-02 00:00:00,Serviços,Pequena,Zoom,Protheus,durante reuniao empresa setor servicos porte pequena cliente relatou utiliza principalmente modulo protheus alinhamento sobre proximos marcos cronograma alem disso grupo revisou perfis acesso regras negocio tambem apareceu necessidade melhorar visibilidade indicadores diretoria sugerida prova conceito validar aderencia,0,0,0
806,T0807,2026-05-20 00:00:00,Agronegócio,Grande,Presencial,Protheus,durante reuniao empresa setor agronegocio porte grande lider operacoes declarou utiliza principalmente modulo protheus sinalizou disposicao investir novo modulo ainda ano alem disso demonstrou abertura piloto dashboard gerencial cliente quer reduzir trabalho manual centralizar dados unica plataforma partes alinharam retorno ate duas semanas,0,1,0
807,T0808,2026-05-03 00:00:00,Tecnologia,Pequena,,Manufatura,durante reuniao empresa setor tecnologia porte pequena gerente projetos pontuou utiliza principalmente modulo manufatura alinhamento sobre proximos marcos cronograma alem disso apresentado status atual plano implantacao relatou concorrente ofereceu condicoes comerciais vantajosas escopo sugerida prova conceito validar aderencia,0,0,1
808,T0809,2026-05-10 00:00:00,Indústria,Grande,,Analytics,durante reuniao empresa setor industria porte grande supervisor fiscal comentou utiliza principalmente modulo analytics sinalizou possibilidade upgrade contrato alem disso relatou sistema apresentou instabilidade momento critico operacao ficou registrada necessidade revisar relatorios fiscais mensais time pediu acompanhamento quinzenal medir evolucao,1,1,0
809,T0810,2026-06-02 00:00:00,Serviços,Média,Zoom,ERP,durante reuniao empresa setor servicos porte media diretora financeira explicou utiliza principalmente modulo erp apresentado status atual plano implantacao alem disso avaliando contratar modulo analytics cliente mencionou avaliando proposta comercial sap proxima etapa sera consolidar requisitos priorizar entregas,0,1,1
810,T0811,2026-05-17 00:00:00,Saúde,Pequena,Presencial,Fluig,durante reuniao empresa setor saude porte pequena head tecnologia ressaltou utiliza principalmente modulo fluig listadas pendencias proxima sprint alem disso solicitou apresentacao funcionalidades avancadas bi comentou diretoria pediu benchmark totvs outros fornecedores mercado cliente espera melhoria perceptivel antes ampliar escopo,0,1,1
811,T0812,2026-07-17 00:00:00,Serviços,Média,Presencial,BI,durante reuniao empresa setor servicos porte media cliente relatou utiliza principalmente modulo bi reuniao foco mapeamento processo atual alem disso cliente pediu documentacao tecnica complementar mencionado concorrencia apresentou proposta agressiva proxima etapa sera consolidar requisitos priorizar entregas,0,0,1
812,T0813,2026-08-18 00:00:00,Indústria,Pequena,,ERP,durante reuniao empresa setor industria porte pequena head tecnologia ressaltou utiliza principalmente modulo erp equipe alinhou cronograma nova rodada testes alem disso validada necessidade treinamento usuarioschave time tecnico reforcou importancia manter base dados atualizada cliente espera melhoria perceptivel antes ampliar escopo,0,0,0
813,T0814,2026-05-26 00:00:00,Indústria,Média,Teams,Financeiro,durante reuniao empresa setor industria porte media diretora financeira explicou utiliza principalmente modulo financeiro avaliando contratar modulo analytics alem disso cliente pediu documentacao tecnica complementar ficou registrada necessidade revisar relatorios fiscais mensais ficou combinado retornar plano acao nova demonstracao,0,1,0
814,T0815,2026-08-05 00:00:00,Serviços,Grande,Presencial,Financeiro,durante reuniao empresa setor servicos porte grande responsavel projeto destacou utiliza principalmente modulo financeiro afirmou usuarios evitam usar algumas telas complexidade alem disso equipe alinhou cronograma nova rodada testes informou processo cotacao linx proxima etapa sera consolidar requisitos priorizar entregas,1,0,1
815,T0816,2026-08-03 00:00:00,Serviços,Média,Presencial,RH,durante reuniao empresa setor servicos porte media analista financeiro pontuou utiliza principalmente modulo rh perguntou sobre possibilidade contratar modulo rh alem disso feita retrospectiva entregas ultimo trimestre equipe destacou importancia documentar bem processos internos proxima etapa sera consolidar requisitos priorizar entregas,0,1,0
816,T0817,2026-04-17 00:00:00,Varejo,Pequena,Zoom,Fiscal,durante reuniao empresa setor varejo porte pequena responsavel projeto destacou utiliza principalmente modulo fiscal equipe validou escopo projeto proxima fase alem disso listadas pendencias proxima sprint equipe destacou importancia documentar bem processos internos time pediu acompanhamento quinzenal medir evolucao,0,0,0
817,T0818,2026-05-18 00:00:00,Logística,Pequena,Zoom,Financeiro,durante reuniao empresa setor logistica porte pequena diretor ti ressaltou utiliza principalmente modulo financeiro grupo revisou perfis acesso regras negocio alem disso informou confianca equipe sistema caiu ultimos meses tambem apareceu necessidade melhorar visibilidade indicadores diretoria proxima etapa sera consolidar requisitos priorizar entregas time citou churn risco caso sla suporte nao melhore,1,0,0
818,T0819,2026-06-22 00:00:00,Distribuição,Grande,Zoom,Manufatura,durante reuniao empresa setor distribuicao porte grande responsavel projeto destacou utiliza principalmente modulo manufatura discutidos responsaveis prazos proximos passos alem disso solicitou apresentacao funcionalidades avancadas bi conversa reforcou necessidade padronizacao cadastro qualidade dados decisao dependera percepcao valor proximas semanas,0,1,0
819,T0820,2026-07-17 00:00:00,Serviços,Média,Google Meet,Financeiro,durante reuniao empresa setor servicos porte media gerente rh informou utiliza principalmente modulo financeiro reuniao foco mapeamento processo atual alem disso alinhamento sobre proximos marcos cronograma ficou registrada necessidade revisar relatorios fiscais mensais cliente espera melhoria perceptivel antes ampliar escopo,0,0,0
820,T0821,2026-06-23 00:00:00,Agronegócio,Média,Teams,RH,durante reuniao empresa setor agronegocio porte media equipe comercial observou utiliza principalmente modulo rh reuniao foco mapeamento processo atual alem disso manifestou interesse expandir uso sistema outras unidades comentou diretoria pediu benchmark totvs outros fornecedores mercado decisao dependera percepcao valor proximas semanas,0,1,1
821,T0822,2026-08-14 00:00:00,Indústria,Média,Zoom,Analytics,durante reuniao empresa setor industria porte media time atendimento apontou utiliza principalmente modulo analytics quer integrar crm erp ainda neste semestre alem disso feita retrospectiva entregas ultimo trimestre lideranca quer evidencias quantitativas antes decidir expansao decisao dependera percepcao valor proximas semanas,0,1,0
822,T0823,2026-08-05 00:00:00,Agronegócio,Pequena,Presencial,ERP,durante reuniao empresa setor agronegocio porte pequena analista financeiro pontuou utiliza principalmente modulo erp solicitou reuniao comercial tratar expansao escopo alem disso comentou equipe pouco engajada continuar usando ferramenta tambem apareceu necessidade melhorar visibilidade indicadores diretoria proxima etapa sera consolidar requisitos priorizar entregas time citou churn risco caso sla suporte nao melhore,1,1,0
823,T0824,2026-07-21 00:00:00,Distribuição,Pequena,Zoom,Financeiro,durante reuniao empresa setor distribuicao porte pequena analista financeiro pontuou utiliza principalmente modulo financeiro feita retrospectiva entregas ultimo trimestre alem disso avaliou contratar consultoria adicional acelerar implantacao existe expectativa ganho produtividade automacao fluxo aprovacao decisao dependera percepcao valor proximas semanas,0,1,0
824,T0825,2026-06-07 00:00:00,Logística,Grande,,Manufatura,durante reuniao empresa setor logistica porte grande responsavel projeto destacou utiliza principalmente modulo manufatura afirmou usuarios evitam usar algumas telas complexidade alem disso avaliando contratar modulo analytics cliente mencionou avaliando proposta comercial sap sugerida prova conceito validar aderencia,1,1,1
825,T0826,2026-07-15 00:00:00,Varejo,Grande,Zoom,Fiscal,durante reuniao empresa setor varejo porte grande coordenador operacoes disse utiliza principalmente modulo fiscal comentou diretoria questiona valor entregue alem disso equipe validou escopo projeto proxima fase ficou registrada necessidade revisar relatorios fiscais mensais decisao dependera percepcao valor proximas semanas,1,0,0
826,T0827,2026-06-15 00:00:00,Saúde,Média,,Financeiro,durante reuniao empresa setor saude porte media diretor ti ressaltou utiliza principalmente modulo financeiro time revisou relatorios operacionais ultimo mes alem disso solicitou apresentacao funcionalidades avancadas bi cliente mencionou avaliando proposta comercial sap ficou definido followup proxima quinzena ha interesse poc analytics budget ainda depende aprovacao,0,1,1
827,T0828,2026-08-03 00:00:00,Saúde,Média,Teams,RH,durante reuniao empresa setor saude porte media lider operacoes declarou utiliza principalmente modulo rh discutidos responsaveis prazos proximos passos alem disso feita retrospectiva entregas ultimo trimestre lideranca quer evidencias quantitativas antes decidir expansao ficou definido followup proxima quinzena,0,0,0
828,T0829,2026-07-03 00:00:00,Serviços,Média,,Fiscal,durante reuniao empresa setor servicos porte media gerente rh informou utiliza principalmente modulo fiscal equipe alinhou cronograma nova rodada testes alem disso demonstrou interesse conhecer modulo manufatura citou oracle netsuite fez contato oferecendo pacote similar partes alinharam retorno ate duas semanas,0,1,1
829,T0830,2026-05-08 00:00:00,Varejo,Pequena,Zoom,Financeiro,durante reuniao empresa setor varejo porte pequena equipe comercial observou utiliza principalmente modulo financeiro comentou equipe pouco engajada continuar usando ferramenta alem disso demonstrou abertura piloto dashboard gerencial existe expectativa ganho produtividade automacao fluxo aprovacao ficou definido followup proxima quinzena,1,0,0
830,T0831,2026-04-22 00:00:00,Logística,Média,Teams,BI,durante reuniao empresa setor logistica porte media analista ti afirmou utiliza principalmente modulo bi sinalizou disposicao investir novo modulo ainda ano alem disso discutidos responsaveis prazos proximos passos existe expectativa ganho produtividade automacao fluxo aprovacao ficou definido followup proxima quinzena,0,1,0
831,T0832,2026-07-18 00:00:00,Distribuição,Média,Teams,Manufatura,durante reuniao empresa setor distribuicao porte media cliente relatou utiliza principalmente modulo manufatura relatou frustracao tempo resposta suporte tecnico alem disso discutidos responsaveis prazos proximos passos time tecnico reforcou importancia manter base dados atualizada partes alinharam retorno ate duas semanas time citou churn risco caso sla suporte nao melhore,1,0,0
832,T0833,2026-04-14 00:00:00,Indústria,Grande,Google Meet,Financeiro,durante reuniao empresa setor industria porte grande diretora financeira explicou utiliza principalmente modulo financeiro discutidos responsaveis prazos proximos passos alem disso validada necessidade treinamento usuarioschave revelou sankhya ofereceu desconto agressivo possivel migracao partes alinharam retorno ate duas semanas,0,0,1
833,T0834,2026-06-08 00:00:00,Varejo,Pequena,Teams,Financeiro,durante reuniao empresa setor varejo porte pequena gestor comentou utiliza principalmente modulo financeiro declarou diretoria avalia suspender uso sistema alem disso time revisou relatorios operacionais ultimo mes existe expectativa ganho produtividade automacao fluxo aprovacao proxima etapa sera consolidar requisitos priorizar entregas,1,0,0
834,T0835,2026-06-01 00:00:00,Educação,Média,Zoom,BI,durante reuniao empresa setor educacao porte media cliente relatou utiliza principalmente modulo bi revisao indicadores serao acompanhados alem disso grupo revisou perfis acesso regras negocio existe expectativa ganho produtividade automacao fluxo aprovacao ficou definido followup proxima quinzena,0,0,0
835,T0836,2026-05-14 00:00:00,Indústria,Grande,Google Meet,CRM,durante reuniao empresa setor industria porte grande supervisor fiscal comentou utiliza principalmente modulo crm revisao indicadores serao acompanhados alem disso mencionou risco cancelamento problema persistir ficou registrada necessidade revisar relatorios fiscais mensais proxima etapa sera consolidar requisitos priorizar entregas time citou churn risco caso sla suporte nao melhore,1,0,0
836,T0837,2026-08-13 00:00:00,Tecnologia,Pequena,Teams,Analytics,durante reuniao empresa setor tecnologia porte pequena diretora financeira explicou utiliza principalmente modulo analytics cliente pediu documentacao tecnica complementar alem disso alinhamento sobre proximos marcos cronograma ficou registrada necessidade revisar relatorios fiscais mensais ficou definido followup proxima quinzena,0,0,0
837,T0838,2026-07-03 00:00:00,Varejo,Pequena,Google Meet,ERP,durante reuniao empresa setor varejo porte pequena analista financeiro pontuou utiliza principalmente modulo erp pediu proposta comercial modulo business intelligence alem disso discutidos responsaveis prazos proximos passos conversa reforcou necessidade padronizacao cadastro qualidade dados decisao dependera percepcao valor proximas semanas,0,1,0
838,T0839,2026-05-27 00:00:00,Educação,Média,Presencial,Protheus,durante reuniao empresa setor educacao porte media gerente rh informou utiliza principalmente modulo protheus grupo revisou perfis acesso regras negocio alem disso sinalizou disposicao investir novo modulo ainda ano conversa reforcou necessidade padronizacao cadastro qualidade dados ficou combinado retornar plano acao nova demonstracao,0,1,0
839,T0840,2026-08-18 00:00:00,Varejo,Grande,Teams,ERP,durante reuniao empresa setor varejo porte grande head tecnologia ressaltou utiliza principalmente modulo erp informou confianca equipe sistema caiu ultimos meses alem disso pediu proposta comercial modulo business intelligence informou processo cotacao linx decisao dependera percepcao valor proximas semanas,1,1,1
840,T0841,2026-05-02 00:00:00,Serviços,Média,,Fluig,durante reuniao empresa setor servicos porte media responsavel projeto destacou utiliza principalmente modulo fluig relatou lentidao horarios pico alem disso reuniao foco mapeamento processo atual cliente quer reduzir trabalho manual centralizar dados unica plataforma ficou definido followup proxima quinzena,1,0,0
841,T0842,2026-05-12 00:00:00,Construção,Média,Google Meet,Analytics,durante reuniao empresa setor construcao porte media lider operacoes declarou utiliza principalmente modulo analytics manifestou interesse expandir uso sistema outras unidades alem disso reuniao foco mapeamento processo atual existe expectativa ganho produtividade automacao fluxo aprovacao ficou combinado retornar plano acao nova demonstracao,0,1,0
842,T0843,2026-07-20 00:00:00,Logística,Grande,Zoom,Protheus,durante reuniao empresa setor logistica porte grande responsavel projeto destacou utiliza principalmente modulo protheus avaliando contratar modulo analytics alem disso grupo revisou perfis acesso regras negocio relatou concorrente ofereceu condicoes comerciais vantajosas escopo sugerida prova conceito validar aderencia,0,1,1
843,T0844,2026-07-20 00:00:00,Agronegócio,Pequena,Google Meet,Financeiro,durante reuniao empresa setor agronegocio porte pequena equipe comercial observou utiliza principalmente modulo financeiro grupo revisou perfis acesso regras negocio alem disso solicitou reuniao comercial tratar expansao escopo area negocio pediu alertas automaticos acompanhar desvios criticos partes alinharam retorno ate duas semanas,0,1,0
844,T0845,2026-06-19 00:00:00,Educação,Grande,Presencial,Fluig,durante reuniao empresa setor educacao porte grande lider operacoes declarou utiliza principalmente modulo fluig demonstrou abertura piloto dashboard gerencial alem disso equipe validou escopo projeto proxima fase lideranca quer evidencias quantitativas antes decidir expansao sugerida prova conceito validar aderencia,0,0,0
845,T0846,2026-07-28 00:00:00,Tecnologia,Pequena,Presencial,Manufatura,durante reuniao empresa setor tecnologia porte pequena diretora financeira explicou utiliza principalmente modulo manufatura reclamou falhas integracao sistemas alem disso perguntou sobre condicoes adicionar modulo fiscal contrato atual relatou concorrente ofereceu condicoes comerciais vantajosas escopo time pediu acompanhamento quinzenal medir evolucao,1,1,1
846,T0847,2026-04-08 00:00:00,Tecnologia,Pequena,Presencial,Analytics,durante reuniao empresa setor tecnologia porte pequena lider operacoes declarou utiliza principalmente modulo analytics demonstrou abertura piloto dashboard gerencial alem disso equipe validou escopo projeto proxima fase time interno considera importante acelerar adocao usuarios finais time pediu acompanhamento quinzenal medir evolucao,0,0,0
847,T0848,2026-07-10 00:00:00,Educação,Média,Zoom,CRM,durante reuniao empresa setor educacao porte media lider operacoes declarou utiliza principalmente modulo crm alinhamento sobre proximos marcos cronograma alem disso discutidos responsaveis prazos proximos passos mencionado concorrencia apresentou proposta agressiva proxima etapa sera consolidar requisitos priorizar entregas diretoria pediu visao consolidada indicadores especialmente receita margem inadimplencia,0,0,1
848,T0849,2026-08-02 00:00:00,Logística,Pequena,Zoom,RH,durante reuniao empresa setor logistica porte pequena diretor ti ressaltou utiliza principalmente modulo rh interesse ampliar uso sistema alem disso relatou time cogita buscar alternativas mercado relatou concorrente ofereceu condicoes comerciais vantajosas escopo sugerida prova conceito validar aderencia,1,1,1
849,T0850,2026-05-10 00:00:00,Construção,Grande,Google Meet,Protheus,durante reuniao empresa setor construcao porte grande lider operacoes declarou utiliza principalmente modulo protheus equipe validou escopo projeto proxima fase alem disso solicitou reuniao comercial tratar expansao escopo conversa reforcou necessidade padronizacao cadastro qualidade dados proxima etapa sera consolidar requisitos priorizar entregas diretoria pediu visao consolidada indicadores especialmente receita margem inadimplencia,0,1,0
850,T0851,2026-04-27 00:00:00,Varejo,Pequena,,CRM,durante reuniao empresa setor varejo porte pequena analista ti afirmou utiliza principalmente modulo crm reuniao foco mapeamento processo atual alem disso validada necessidade treinamento usuarioschave informou processo cotacao linx ficou definido followup proxima quinzena,0,0,1
851,T0852,2026-07-22 00:00:00,Agronegócio,Pequena,Presencial,BI,durante reuniao empresa setor agronegocio porte pequena diretor ti ressaltou utiliza principalmente modulo bi demonstrou abertura piloto dashboard gerencial alem disso reuniao foco mapeamento processo atual time interno considera importante acelerar adocao usuarios finais sugerida prova conceito validar aderencia,0,0,0
852,T0853,2026-06-14 00:00:00,Saúde,Grande,Presencial,Fluig,durante reuniao empresa setor saude porte grande diretor ti ressaltou utiliza principalmente modulo fluig perguntou sobre possibilidade contratar modulo rh alem disso listadas pendencias proxima sprint conversa reforcou necessidade padronizacao cadastro qualidade dados ficou definido followup proxima quinzena,0,1,0
853,T0854,2026-07-09 00:00:00,Indústria,Grande,Google Meet,Protheus,durante reuniao empresa setor industria porte grande diretor ti ressaltou utiliza principalmente modulo protheus perguntou sobre condicoes adicionar modulo fiscal contrato atual alem disso reuniao foco mapeamento processo atual cliente quer reduzir trabalho manual centralizar dados unica plataforma ficou definido followup proxima quinzena,0,1,0
854,T0855,2026-08-07 00:00:00,Tecnologia,Pequena,Google Meet,Fiscal,durante reuniao empresa setor tecnologia porte pequena analista ti afirmou utiliza principalmente modulo fiscal demonstrou abertura piloto dashboard gerencial alem disso mostrou interesse modulo fiscal relatorios inteligentes mencionou salesforce entrou contato oferecendo modulo crm time pediu acompanhamento quinzenal medir evolucao,0,1,1
855,T0856,2026-06-17 00:00:00,Serviços,Pequena,Presencial,Manufatura,durante reuniao empresa setor servicos porte pequena time atendimento apontou utiliza principalmente modulo manufatura pediu proposta automacao processos alem disso equipe validou escopo projeto proxima fase cliente quer reduzir trabalho manual centralizar dados unica plataforma time pediu acompanhamento quinzenal medir evolucao,0,1,0
856,T0857,2026-04-18 00:00:00,Indústria,Pequena,Teams,Financeiro,durante reuniao empresa setor industria porte pequena diretora financeira explicou utiliza principalmente modulo financeiro apresentado status atual plano implantacao alem disso validada necessidade treinamento usuarioschave ficou registrada necessidade revisar relatorios fiscais mensais time pediu acompanhamento quinzenal medir evolucao,0,0,0
857,T0858,2026-05-31 00:00:00,Saúde,Pequena,Presencial,Manufatura,durante reuniao empresa setor saude porte pequena head tecnologia ressaltou utiliza principalmente modulo manufatura validada necessidade treinamento usuarioschave alem disso reuniao foco mapeamento processo atual conversa reforcou necessidade padronizacao cadastro qualidade dados cliente espera melhoria perceptivel antes ampliar escopo,0,0,0
858,T0859,2026-04-08 00:00:00,Educação,Média,Zoom,CRM,durante reuniao empresa setor educacao porte media analista ti afirmou utiliza principalmente modulo crm apresentado status atual plano implantacao alem disso reclamou falhas integracao sistemas time interno considera importante acelerar adocao usuarios finais decisao dependera percepcao valor proximas semanas,1,0,0
859,T0860,2026-07-21 00:00:00,Tecnologia,Pequena,Zoom,RH,durante reuniao empresa setor tecnologia porte pequena equipe comercial observou utiliza principalmente modulo rh equipe alinhou cronograma nova rodada testes alem disso quer integrar crm erp ainda neste semestre cliente quer reduzir trabalho manual centralizar dados unica plataforma cliente espera melhoria perceptivel antes ampliar escopo,0,1,0
860,T0861,2026-05-18 00:00:00,Tecnologia,Média,Teams,Financeiro,durante reuniao empresa setor tecnologia porte media supervisor fiscal comentou utiliza principalmente modulo financeiro disse recebeu reclamacoes internas sobre qualidade suporte alem disso discutidos responsaveis prazos proximos passos mencionou salesforce entrou contato oferecendo modulo crm sugerida prova conceito validar aderencia,1,0,1
861,T0862,2026-04-21 00:00:00,Educação,Grande,Google Meet,Analytics,durante reuniao empresa setor educacao porte grande diretora financeira explicou utiliza principalmente modulo analytics equipe alinhou cronograma nova rodada testes alem disso revisao indicadores serao acompanhados equipe destacou importancia documentar bem processos internos time pediu acompanhamento quinzenal medir evolucao diretoria pediu visao consolidada indicadores especialmente receita margem inadimplencia,0,0,0
862,T0863,2026-04-18 00:00:00,Educação,Média,Zoom,Fiscal,durante reuniao empresa setor educacao porte media supervisor fiscal comentou utiliza principalmente modulo fiscal demonstrou interesse ampliar numero licencas usuarios alem disso feita retrospectiva entregas ultimo trimestre area negocio pediu alertas automaticos acompanhar desvios criticos cliente espera melhoria perceptivel antes ampliar escopo,0,1,0
863,T0864,2026-06-07 00:00:00,Indústria,Pequena,Google Meet,Manufatura,durante reuniao empresa setor industria porte pequena responsavel projeto destacou utiliza principalmente modulo manufatura grupo revisou perfis acesso regras negocio alem disso equipe alinhou cronograma nova rodada testes cliente quer reduzir trabalho manual centralizar dados unica plataforma ficou combinado retornar plano acao nova demonstracao,0,0,0
864,T0865,2026-04-16 00:00:00,Distribuição,Média,Zoom,RH,durante reuniao empresa setor distribuicao porte media head tecnologia ressaltou utiliza principalmente modulo rh time revisou relatorios operacionais ultimo mes alem disso equipe validou escopo projeto proxima fase tambem apareceu necessidade melhorar visibilidade indicadores diretoria proxima etapa sera consolidar requisitos priorizar entregas,0,0,0
865,T0866,2026-08-20 00:00:00,Varejo,Pequena,Google Meet,Protheus,durante reuniao empresa setor varejo porte pequena diretora financeira explicou utiliza principalmente modulo protheus revisao indicadores serao acompanhados alem disso reuniao foco mapeamento processo atual mencionou salesforce entrou contato oferecendo modulo crm partes alinharam retorno ate duas semanas,0,0,1
866,T0867,2026-04-15 00:00:00,Indústria,Pequena,,RH,durante reuniao empresa setor industria porte pequena gerente projetos pontuou utiliza principalmente modulo rh apresentado status atual plano implantacao alem disso listadas pendencias proxima sprint relatou concorrente ofereceu condicoes comerciais vantajosas escopo ficou definido followup proxima quinzena diretoria pediu visao consolidada indicadores especialmente receita margem inadimplencia,0,0,1
867,T0868,2026-05-06 00:00:00,Saúde,Média,Zoom,RH,durante reuniao empresa setor saude porte media head tecnologia ressaltou utiliza principalmente modulo rh feita retrospectiva entregas ultimo trimestre alem disso grupo revisou perfis acesso regras negocio tambem apareceu necessidade melhorar visibilidade indicadores diretoria partes alinharam retorno ate duas semanas,0,0,0
868,T0869,2026-07-15 00:00:00,Tecnologia,Grande,Zoom,Protheus,durante reuniao empresa setor tecnologia porte grande gerente projetos pontuou utiliza principalmente modulo protheus interesse ampliar uso sistema alem disso comentou diretoria questiona valor entregue mencionado concorrencia apresentou proposta agressiva sugerida prova conceito validar aderencia,1,1,1
869,T0870,2026-06-02 00:00:00,Construção,Pequena,,Manufatura,durante reuniao empresa setor construcao porte pequena time atendimento apontou utiliza principalmente modulo manufatura mostrou interesse modulo fiscal relatorios inteligentes alem disso relatou lentidao horarios pico lideranca quer evidencias quantitativas antes decidir expansao ficou combinado retornar plano acao nova demonstracao,1,1,0
870,T0871,2026-05-27 00:00:00,Varejo,Grande,Google Meet,Fluig,durante reuniao empresa setor varejo porte grande lider operacoes declarou utiliza principalmente modulo fluig feita retrospectiva entregas ultimo trimestre alem disso manifestou interesse expandir uso sistema outras unidades time tecnico reforcou importancia manter base dados atualizada decisao dependera percepcao valor proximas semanas,0,1,0
871,T0872,2026-07-15 00:00:00,Agronegócio,Média,Google Meet,Analytics,durante reuniao empresa setor agronegocio porte media gerente rh informou utiliza principalmente modulo analytics feita retrospectiva entregas ultimo trimestre alem disso avaliando contratar modulo analytics lideranca quer evidencias quantitativas antes decidir expansao ficou combinado retornar plano acao nova demonstracao,0,1,0
872,T0873,2026-05-31 00:00:00,Varejo,Grande,Presencial,Analytics,durante reuniao empresa setor varejo porte grande equipe comercial observou utiliza principalmente modulo analytics revisao indicadores serao acompanhados alem disso reuniao foco mapeamento processo atual citou oracle netsuite fez contato oferecendo pacote similar partes alinharam retorno ate duas semanas,0,0,1
873,T0874,2026-07-08 00:00:00,Varejo,Pequena,Presencial,Manufatura,durante reuniao empresa setor varejo porte pequena time atendimento apontou utiliza principalmente modulo manufatura equipe alinhou cronograma nova rodada testes alem disso interesse ampliar uso sistema area negocio pediu alertas automaticos acompanhar desvios criticos sugerida prova conceito validar aderencia,0,1,0
874,T0875,2026-06-29 00:00:00,Indústria,Grande,Google Meet,ERP,durante reuniao empresa setor industria porte grande lider operacoes declarou utiliza principalmente modulo erp equipe validou escopo projeto proxima fase alem disso alinhamento sobre proximos marcos cronograma mencionado concorrencia apresentou proposta agressiva time pediu acompanhamento quinzenal medir evolucao,0,0,1
875,T0876,2026-04-15 00:00:00,Saúde,Grande,Presencial,ERP,durante reuniao empresa setor saude porte grande gerente projetos pontuou utiliza principalmente modulo erp discutidos responsaveis prazos proximos passos alem disso revisao indicadores serao acompanhados equipe destacou importancia documentar bem processos internos decisao dependera percepcao valor proximas semanas,0,0,0
876,T0877,2026-05-04 00:00:00,Indústria,Média,Google Meet,Analytics,durante reuniao empresa setor industria porte media gerente rh informou utiliza principalmente modulo analytics mencionou nivel servico abaixo combinado contrato alem disso cliente pediu documentacao tecnica complementar equipe destacou importancia documentar bem processos internos partes alinharam retorno ate duas semanas reuniao hibrida audio trechos curtos frases interrompidas assim ficou claro desconforto falhas,1,0,0
877,T0878,2026-04-04 00:00:00,Saúde,Média,,Fluig,durante reuniao empresa setor saude porte media gerente projetos pontuou utiliza principalmente modulo fluig feita retrospectiva entregas ultimo trimestre alem disso relatou frustracao tempo resposta suporte tecnico ficou registrada necessidade revisar relatorios fiscais mensais ficou definido followup proxima quinzena time citou churn risco caso sla suporte nao melhore,1,0,0
878,T0879,2026-05-26 00:00:00,Serviços,Pequena,,Analytics,durante reuniao empresa setor servicos porte pequena responsavel projeto destacou utiliza principalmente modulo analytics equipe validou escopo projeto proxima fase alem disso discutidos responsaveis prazos proximos passos conversa reforcou necessidade padronizacao cadastro qualidade dados ficou definido followup proxima quinzena,0,0,0
879,T0880,2026-05-03 00:00:00,Distribuição,Grande,Teams,BI,durante reuniao empresa setor distribuicao porte grande gerente projetos pontuou utiliza principalmente modulo bi equipe alinhou cronograma nova rodada testes alem disso interesse ampliar uso sistema existe expectativa ganho produtividade automacao fluxo aprovacao sugerida prova conceito validar aderencia,0,1,0
880,T0881,2026-05-29 00:00:00,Indústria,Grande,Google Meet,ERP,durante reuniao empresa setor industria porte grande equipe comercial observou utiliza principalmente modulo erp grupo revisou perfis acesso regras negocio alem disso apresentado status atual plano implantacao revelou sankhya ofereceu desconto agressivo possivel migracao time pediu acompanhamento quinzenal medir evolucao diretoria pediu visao consolidada indicadores especialmente receita margem inadimplencia,0,0,1
881,T0882,2026-07-05 00:00:00,Serviços,Pequena,Presencial,ERP,durante reuniao empresa setor servicos porte pequena cliente relatou utiliza principalmente modulo erp mencionou risco cancelamento problema persistir alem disso pediu proposta comercial modulo business intelligence mencionou salesforce entrou contato oferecendo modulo crm partes alinharam retorno ate duas semanas,1,1,1
882,T0883,2026-04-08 00:00:00,Educação,Média,Zoom,ERP,durante reuniao empresa setor educacao porte media head tecnologia ressaltou utiliza principalmente modulo erp equipe validou escopo projeto proxima fase alem disso reclamou falhas integracao sistemas cliente mencionou avaliando proposta comercial sap ficou combinado retornar plano acao nova demonstracao,1,0,1
883,T0884,2026-06-28 00:00:00,Distribuição,Média,,Protheus,durante reuniao empresa setor distribuicao porte media diretor ti ressaltou utiliza principalmente modulo protheus time revisou relatorios operacionais ultimo mes alem disso demonstrou abertura piloto dashboard gerencial conversa reforcou necessidade padronizacao cadastro qualidade dados proxima etapa sera consolidar requisitos priorizar entregas,0,0,0
884,T0885,2026-08-19 00:00:00,Serviços,Grande,Zoom,Fiscal,durante reuniao empresa setor servicos porte grande lider operacoes declarou utiliza principalmente modulo fiscal reuniao foco mapeamento processo atual alem disso equipe validou escopo projeto proxima fase time tecnico reforcou importancia manter base dados atualizada ficou definido followup proxima quinzena,0,0,0
885,T0886,2026-06-24 00:00:00,Distribuição,Média,Teams,CRM,durante reuniao empresa setor distribuicao porte media gestor comentou utiliza principalmente modulo crm time revisou relatorios operacionais ultimo mes alem disso relatou lentidao horarios pico ficou registrada necessidade revisar relatorios fiscais mensais partes alinharam retorno ate duas semanas,1,0,0
886,T0887,2026-08-02 00:00:00,Agronegócio,Pequena,Presencial,Manufatura,durante reuniao empresa setor agronegocio porte pequena gerente rh informou utiliza principalmente modulo manufatura discutidos responsaveis prazos proximos passos alem disso reclamou falhas integracao sistemas area negocio pediu alertas automaticos acompanhar desvios criticos sugerida prova conceito validar aderencia,1,0,0
887,T0888,2026-07-14 00:00:00,Serviços,Grande,Teams,RH,durante reuniao empresa setor servicos porte grande time atendimento apontou utiliza principalmente modulo rh solicitou apresentacao funcionalidades avancadas bi alem disso demonstrou abertura piloto dashboard gerencial mencionado concorrencia apresentou proposta agressiva sugerida prova conceito validar aderencia,0,1,1
888,T0889,2026-04-26 00:00:00,Educação,Pequena,Presencial,Protheus,durante reuniao empresa setor educacao porte pequena analista financeiro pontuou utiliza principalmente modulo protheus validada necessidade treinamento usuarioschave alem disso afirmou usuarios evitam usar algumas telas complexidade time tecnico reforcou importancia manter base dados atualizada partes alinharam retorno ate duas semanas,1,0,0
889,T0890,2026-06-15 00:00:00,Saúde,Média,Google Meet,RH,durante reuniao empresa setor saude porte media supervisor fiscal comentou utiliza principalmente modulo rh interesse ampliar uso sistema alem disso relatou lentidao horarios pico tambem apareceu necessidade melhorar visibilidade indicadores diretoria ficou definido followup proxima quinzena,1,1,0
890,T0891,2026-08-01 00:00:00,Educação,Grande,Teams,RH,durante reuniao empresa setor educacao porte grande head tecnologia ressaltou utiliza principalmente modulo rh discutidos responsaveis prazos proximos passos alem disso feita retrospectiva entregas ultimo trimestre cliente quer reduzir trabalho manual centralizar dados unica plataforma cliente espera melhoria perceptivel antes ampliar escopo,0,0,0
891,T0892,2026-07-22 00:00:00,Educação,Grande,,ERP,durante reuniao empresa setor educacao porte grande lider operacoes declarou utiliza principalmente modulo erp relatou lentidao horarios pico alem disso equipe alinhou cronograma nova rodada testes ficou registrada necessidade revisar relatorios fiscais mensais time pediu acompanhamento quinzenal medir evolucao diretoria pediu visao consolidada indicadores especialmente receita margem inadimplencia,1,0,0
892,T0893,2026-05-07 00:00:00,Indústria,Grande,Teams,Manufatura,durante reuniao empresa setor industria porte grande coordenador operacoes disse utiliza principalmente modulo manufatura pediu proposta comercial modulo business intelligence alem disso relatou frustracao tempo resposta suporte tecnico tambem apareceu necessidade melhorar visibilidade indicadores diretoria decisao dependera percepcao valor proximas semanas,1,1,0
893,T0894,2026-05-14 00:00:00,Construção,Média,,Analytics,durante reuniao empresa setor construcao porte media head tecnologia ressaltou utiliza principalmente modulo analytics comentou diretoria questiona valor entregue alem disso apresentado status atual plano implantacao comentou recebeu cotacao senior sistemas condicoes atrativas proxima etapa sera consolidar requisitos priorizar entregas,1,0,1
894,T0895,2026-04-11 00:00:00,Tecnologia,Grande,Teams,Protheus,durante reuniao empresa setor tecnologia porte grande time atendimento apontou utiliza principalmente modulo protheus feita retrospectiva entregas ultimo trimestre alem disso reuniao foco mapeamento processo atual revelou sankhya ofereceu desconto agressivo possivel migracao decisao dependera percepcao valor proximas semanas,0,0,1
895,T0896,2026-07-26 00:00:00,Construção,Pequena,Zoom,CRM,durante reuniao empresa setor construcao porte pequena head tecnologia ressaltou utiliza principalmente modulo crm listadas pendencias proxima sprint alem disso revisao indicadores serao acompanhados conversa reforcou necessidade padronizacao cadastro qualidade dados sugerida prova conceito validar aderencia,0,0,0
896,T0897,2026-04-21 00:00:00,Distribuição,Grande,Zoom,Fluig,durante reuniao empresa setor distribuicao porte grande cliente relatou utiliza principalmente modulo fluig pediu proposta comercial modulo business intelligence alem disso cliente pediu documentacao tecnica complementar time tecnico reforcou importancia manter base dados atualizada proxima etapa sera consolidar requisitos priorizar entregas,0,1,0
897,T0898,2026-08-12 00:00:00,Logística,Pequena,,Protheus,durante reuniao empresa setor logistica porte pequena diretor ti ressaltou utiliza principalmente modulo protheus equipe alinhou cronograma nova rodada testes alem disso mencionou risco cancelamento problema persistir equipe destacou importancia documentar bem processos internos partes alinharam retorno ate duas semanas,1,0,0
898,T0899,2026-08-03 00:00:00,Educação,Grande,Presencial,ERP,durante reuniao empresa setor educacao porte grande cliente relatou utiliza principalmente modulo erp mostrou interesse modulo fiscal relatorios inteligentes alem disso disse time sobrecarregado retrabalho existe expectativa ganho produtividade automacao fluxo aprovacao partes alinharam retorno ate duas semanas obs: mencao dashboard tempo real necessidade integracao via api,1,1,0
899,T0900,2026-06-07 00:00:00,Agronegócio,Média,,Financeiro,durante reuniao empresa setor agronegocio porte media diretor ti ressaltou utiliza principalmente modulo financeiro revisao indicadores serao acompanhados alem disso grupo revisou perfis acesso regras negocio citou oracle netsuite fez contato oferecendo pacote similar ficou combinado retornar plano acao nova demonstracao,0,0,1
900,T0901,2026-07-01 00:00:00,Tecnologia,Média,Google Meet,Analytics,durante reuniao empresa setor tecnologia porte media gerente rh informou utiliza principalmente modulo analytics validada necessidade treinamento usuarioschave alem disso alinhamento sobre proximos marcos cronograma area negocio pediu alertas automaticos acompanhar desvios criticos ficou definido followup proxima quinzena,0,0,0
901,T0902,2026-06-21 00:00:00,Saúde,Média,Presencial,BI,durante reuniao empresa setor saude porte media lider operacoes declarou utiliza principalmente modulo bi solicitou reuniao comercial tratar expansao escopo alem disso feita retrospectiva entregas ultimo trimestre equipe destacou importancia documentar bem processos internos partes alinharam retorno ate duas semanas,0,1,0
902,T0903,2026-07-14 00:00:00,Indústria,Grande,Google Meet,ERP,durante reuniao empresa setor industria porte grande diretor ti ressaltou utiliza principalmente modulo erp mencionou contrato perto vencimento previsao renovacao alem disso sinalizou disposicao investir novo modulo ainda ano comentou diretoria pediu benchmark totvs outros fornecedores mercado partes alinharam retorno ate duas semanas,1,1,1
903,T0904,2026-06-26 00:00:00,Indústria,Média,Presencial,Manufatura,durante reuniao empresa setor industria porte media gerente rh informou utiliza principalmente modulo manufatura discutidos responsaveis prazos proximos passos alem disso pediu proposta automacao processos conversa reforcou necessidade padronizacao cadastro qualidade dados time pediu acompanhamento quinzenal medir evolucao,0,1,0
904,T0905,2026-07-07 00:00:00,Saúde,Grande,Google Meet,Fluig,durante reuniao empresa setor saude porte grande lider operacoes declarou utiliza principalmente modulo fluig discutidos responsaveis prazos proximos passos alem disso alinhamento sobre proximos marcos cronograma mencionado concorrencia apresentou proposta agressiva ficou combinado retornar plano acao nova demonstracao,0,0,1
905,T0906,2026-05-29 00:00:00,Construção,Pequena,Google Meet,Fluig,durante reuniao empresa setor construcao porte pequena analista ti afirmou utiliza principalmente modulo fluig demonstrou interesse ampliar numero licencas usuarios alem disso disse time sobrecarregado retrabalho existe expectativa ganho produtividade automacao fluxo aprovacao cliente espera melhoria perceptivel antes ampliar escopo,1,1,0
906,T0907,2026-04-11 00:00:00,Educação,Média,Google Meet,Protheus,durante reuniao empresa setor educacao porte media gerente rh informou utiliza principalmente modulo protheus alinhamento sobre proximos marcos cronograma alem disso apresentado status atual plano implantacao existe expectativa ganho produtividade automacao fluxo aprovacao decisao dependera percepcao valor proximas semanas,0,0,0
907,T0908,2026-06-09 00:00:00,Saúde,Pequena,Zoom,Fiscal,durante reuniao empresa setor saude porte pequena analista financeiro pontuou utiliza principalmente modulo fiscal reuniao foco mapeamento processo atual alem disso sinalizou disposicao investir novo modulo ainda ano time tecnico reforcou importancia manter base dados atualizada sugerida prova conceito validar aderencia diretoria pediu visao consolidada indicadores especialmente receita margem inadimplencia,0,1,0
908,T0909,2026-06-19 00:00:00,Logística,Média,,Protheus,durante reuniao empresa setor logistica porte media responsavel projeto destacou utiliza principalmente modulo protheus revisao indicadores serao acompanhados alem disso perguntou sobre possibilidade contratar modulo rh conversa reforcou necessidade padronizacao cadastro qualidade dados decisao dependera percepcao valor proximas semanas,0,1,0
909,T0910,2026-05-27 00:00:00,Serviços,Grande,Google Meet,CRM,durante reuniao empresa setor servicos porte grande responsavel projeto destacou utiliza principalmente modulo crm listadas pendencias proxima sprint alem disso demonstrou interesse ampliar numero licencas usuarios ficou registrada necessidade revisar relatorios fiscais mensais partes alinharam retorno ate duas semanas,0,1,0
910,T0911,2026-04-07 00:00:00,Serviços,Pequena,Presencial,Fluig,durante reuniao empresa setor servicos porte pequena time atendimento apontou utiliza principalmente modulo fluig equipe validou escopo projeto proxima fase alem disso validada necessidade treinamento usuarioschave tambem apareceu necessidade melhorar visibilidade indicadores diretoria sugerida prova conceito validar aderencia,0,0,0
911,T0912,2026-08-04 00:00:00,Agronegócio,Pequena,Zoom,BI,durante reuniao empresa setor agronegocio porte pequena analista ti afirmou utiliza principalmente modulo bi discutidos responsaveis prazos proximos passos alem disso solicitou reuniao comercial tratar expansao escopo mencionado concorrencia apresentou proposta agressiva ficou definido followup proxima quinzena,0,1,1
912,T0913,2026-06-22 00:00:00,Agronegócio,Grande,Presencial,Protheus,durante reuniao empresa setor agronegocio porte grande responsavel projeto destacou utiliza principalmente modulo protheus disse time sobrecarregado retrabalho alem disso solicitou reuniao comercial tratar expansao escopo mencionou salesforce entrou contato oferecendo modulo crm ficou combinado retornar plano acao nova demonstracao,1,1,1
913,T0914,2026-04-21 00:00:00,Saúde,Média,Zoom,Manufatura,durante reuniao empresa setor saude porte media cliente relatou utiliza principalmente modulo manufatura reuniao foco mapeamento processo atual alem disso alinhamento sobre proximos marcos cronograma time tecnico reforcou importancia manter base dados atualizada proxima etapa sera consolidar requisitos priorizar entregas,0,0,0
914,T0915,2026-07-18 00:00:00,Varejo,Pequena,,CRM,durante reuniao empresa setor varejo porte pequena cliente relatou utiliza principalmente modulo crm time revisou relatorios operacionais ultimo mes alem disso discutidos responsaveis prazos proximos passos informou processo cotacao linx cliente espera melhoria perceptivel antes ampliar escopo,0,0,1
915,T0916,2026-06-09 00:00:00,Tecnologia,Média,,Fluig,durante reuniao empresa setor tecnologia porte media supervisor fiscal comentou utiliza principalmente modulo fluig pediu proposta automacao processos alem disso demonstrou abertura piloto dashboard gerencial time tecnico reforcou importancia manter base dados atualizada ficou combinado retornar plano acao nova demonstracao,0,1,0
916,T0917,2026-07-30 00:00:00,Varejo,Pequena,Google Meet,BI,durante reuniao empresa setor varejo porte pequena cliente relatou utiliza principalmente modulo bi solicitou reuniao comercial tratar expansao escopo alem disso reuniao foco mapeamento processo atual area negocio pediu alertas automaticos acompanhar desvios criticos sugerida prova conceito validar aderencia,0,1,0
917,T0918,2026-05-19 00:00:00,Distribuição,Grande,Zoom,Fiscal,durante reuniao empresa setor distribuicao porte grande time atendimento apontou utiliza principalmente modulo fiscal validada necessidade treinamento usuarioschave alem disso mencionou contrato perto vencimento previsao renovacao comentou diretoria pediu benchmark totvs outros fornecedores mercado sugerida prova conceito validar aderencia usuarios disseram processo atual manual lento pouco confiavel,1,0,1
918,T0919,2026-06-12 00:00:00,Serviços,Grande,Google Meet,Fluig,durante reuniao empresa setor servicos porte grande supervisor fiscal comentou utiliza principalmente modulo fluig perguntou sobre possibilidade contratar modulo rh alem disso relatou sistema apresentou instabilidade momento critico operacao cliente mencionou avaliando proposta comercial sap sugerida prova conceito validar aderencia usuarios disseram processo atual manual lento pouco confiavel,1,1,1
919,T0920,2026-08-12 00:00:00,Agronegócio,Grande,Presencial,Fluig,durante reuniao empresa setor agronegocio porte grande supervisor fiscal comentou utiliza principalmente modulo fluig solicitou reuniao comercial tratar expansao escopo alem disso relatou frustracao tempo resposta suporte tecnico comentou recebeu cotacao senior sistemas condicoes atrativas cliente espera melhoria perceptivel antes ampliar escopo,1,1,1
920,T0921,2026-05-08 00:00:00,Educação,Pequena,Presencial,Protheus,durante reuniao empresa setor educacao porte pequena gestor comentou utiliza principalmente modulo protheus reuniao foco mapeamento processo atual alem disso mostrou interesse modulo fiscal relatorios inteligentes time tecnico reforcou importancia manter base dados atualizada ficou definido followup proxima quinzena,0,1,0
921,T0922,2026-06-01 00:00:00,Tecnologia,Média,Presencial,Manufatura,durante reuniao empresa setor tecnologia porte media analista financeiro pontuou utiliza principalmente modulo manufatura solicitou reuniao comercial tratar expansao escopo alem disso grupo revisou perfis acesso regras negocio time tecnico reforcou importancia manter base dados atualizada time pediu acompanhamento quinzenal medir evolucao,0,1,0
922,T0923,2026-06-11 00:00:00,Educação,Média,,CRM,durante reuniao empresa setor educacao porte media time atendimento apontou utiliza principalmente modulo crm time revisou relatorios operacionais ultimo mes alem disso alinhamento sobre proximos marcos cronograma conversa reforcou necessidade padronizacao cadastro qualidade dados partes alinharam retorno ate duas semanas,0,0,0
923,T0924,2026-06-28 00:00:00,Serviços,Pequena,,Fiscal,durante reuniao empresa setor servicos porte pequena head tecnologia ressaltou utiliza principalmente modulo fiscal disse time sobrecarregado retrabalho alem disso listadas pendencias proxima sprint cliente quer reduzir trabalho manual centralizar dados unica plataforma cliente espera melhoria perceptivel antes ampliar escopo,1,0,0
924,T0925,2026-06-24 00:00:00,Saúde,Média,Google Meet,Fiscal,durante reuniao empresa setor saude porte media head tecnologia ressaltou utiliza principalmente modulo fiscal perguntou sobre possibilidade contratar modulo rh alem disso mencionou risco cancelamento problema persistir lideranca quer evidencias quantitativas antes decidir expansao ficou definido followup proxima quinzena,1,1,0
925,T0926,2026-04-15 00:00:00,Agronegócio,Pequena,Presencial,RH,durante reuniao empresa setor agronegocio porte pequena diretor ti ressaltou utiliza principalmente modulo rh feita retrospectiva entregas ultimo trimestre alem disso revisao indicadores serao acompanhados comentou diretoria pediu benchmark totvs outros fornecedores mercado proxima etapa sera consolidar requisitos priorizar entregas diretoria pediu visao consolidada indicadores especialmente receita margem inadimplencia,0,0,1
926,T0927,2026-05-16 00:00:00,Educação,Pequena,Presencial,Analytics,durante reuniao empresa setor educacao porte pequena equipe comercial observou utiliza principalmente modulo analytics apresentado status atual plano implantacao alem disso revisao indicadores serao acompanhados tambem apareceu necessidade melhorar visibilidade indicadores diretoria proxima etapa sera consolidar requisitos priorizar entregas,0,0,0
927,T0928,2026-04-05 00:00:00,Logística,Grande,Google Meet,BI,durante reuniao empresa setor logistica porte grande head tecnologia ressaltou utiliza principalmente modulo bi discutidos responsaveis prazos proximos passos alem disso informou confianca equipe sistema caiu ultimos meses area negocio pediu alertas automaticos acompanhar desvios criticos partes alinharam retorno ate duas semanas,1,0,0
928,T0929,2026-08-07 00:00:00,Educação,Grande,Google Meet,Analytics,durante reuniao empresa setor educacao porte grande cliente relatou utiliza principalmente modulo analytics perguntou sobre condicoes adicionar modulo fiscal contrato atual alem disso reuniao foco mapeamento processo atual equipe destacou importancia documentar bem processos internos ficou combinado retornar plano acao nova demonstracao,0,1,0
929,T0930,2026-04-01 00:00:00,Construção,Média,,Fluig,durante reuniao empresa setor construcao porte media diretora financeira explicou utiliza principalmente modulo fluig revisao indicadores serao acompanhados alem disso mencionou contrato perto vencimento previsao renovacao equipe destacou importancia documentar bem processos internos ficou definido followup proxima quinzena time citou churn risco caso sla suporte nao melhore,1,0,0
930,T0931,2026-04-06 00:00:00,Educação,Pequena,Teams,Fluig,durante reuniao empresa setor educacao porte pequena time atendimento apontou utiliza principalmente modulo fluig registrou atraso recorrente fechamento financeiro alem disso demonstrou interesse ampliar numero licencas usuarios revelou sankhya ofereceu desconto agressivo possivel migracao sugerida prova conceito validar aderencia,1,1,1
931,T0932,2026-06-20 00:00:00,Serviços,Pequena,Teams,ERP,durante reuniao empresa setor servicos porte pequena head tecnologia ressaltou utiliza principalmente modulo erp disse time sobrecarregado retrabalho alem disso pediu proposta automacao processos citou oracle netsuite fez contato oferecendo pacote similar ficou definido followup proxima quinzena,1,1,1
932,T0933,2026-08-12 00:00:00,Varejo,Grande,Teams,Protheus,durante reuniao empresa setor varejo porte grande gerente projetos pontuou utiliza principalmente modulo protheus listadas pendencias proxima sprint alem disso equipe validou escopo projeto proxima fase time tecnico reforcou importancia manter base dados atualizada ficou combinado retornar plano acao nova demonstracao,0,0,0
933,T0934,2026-06-13 00:00:00,Distribuição,Média,,Fiscal,durante reuniao empresa setor distribuicao porte media gerente projetos pontuou utiliza principalmente modulo fiscal time revisou relatorios operacionais ultimo mes alem disso alinhamento sobre proximos marcos cronograma conversa reforcou necessidade padronizacao cadastro qualidade dados ficou combinado retornar plano acao nova demonstracao,0,0,0
934,T0935,2026-05-18 00:00:00,Varejo,Pequena,Presencial,RH,durante reuniao empresa setor varejo porte pequena gestor comentou utiliza principalmente modulo rh avaliou contratar consultoria adicional acelerar implantacao alem disso equipe validou escopo projeto proxima fase mencionado concorrencia apresentou proposta agressiva time pediu acompanhamento quinzenal medir evolucao,0,1,1
935,T0936,2026-07-17 00:00:00,Varejo,Média,Google Meet,Analytics,durante reuniao empresa setor varejo porte media cliente relatou utiliza principalmente modulo analytics cliente pediu documentacao tecnica complementar alem disso grupo revisou perfis acesso regras negocio comentou diretoria pediu benchmark totvs outros fornecedores mercado sugerida prova conceito validar aderencia,0,0,1
936,T0937,2026-07-21 00:00:00,Serviços,Média,Teams,ERP,durante reuniao empresa setor servicos porte media analista financeiro pontuou utiliza principalmente modulo erp grupo revisou perfis acesso regras negocio alem disso equipe validou escopo projeto proxima fase ficou registrada necessidade revisar relatorios fiscais mensais partes alinharam retorno ate duas semanas,0,0,0
937,T0938,2026-08-08 00:00:00,Saúde,Média,Presencial,ERP,durante reuniao empresa setor saude porte media supervisor fiscal comentou utiliza principalmente modulo erp equipe validou escopo projeto proxima fase alem disso listadas pendencias proxima sprint cliente quer reduzir trabalho manual centralizar dados unica plataforma sugerida prova conceito validar aderencia,0,0,0
938,T0939,2026-05-21 00:00:00,Agronegócio,Pequena,Teams,Fluig,durante reuniao empresa setor agronegocio porte pequena lider operacoes declarou utiliza principalmente modulo fluig reuniao foco mapeamento processo atual alem disso validada necessidade treinamento usuarioschave cliente quer reduzir trabalho manual centralizar dados unica plataforma time pediu acompanhamento quinzenal medir evolucao,0,0,0
939,T0940,2026-05-15 00:00:00,Construção,Média,Zoom,BI,durante reuniao empresa setor construcao porte media gerente rh informou utiliza principalmente modulo bi sinalizou disposicao investir novo modulo ainda ano alem disso disse time sobrecarregado retrabalho revelou sankhya ofereceu desconto agressivo possivel migracao sugerida prova conceito validar aderencia,1,1,1
940,T0941,2026-06-28 00:00:00,Saúde,Média,,Manufatura,durante reuniao empresa setor saude porte media analista financeiro pontuou utiliza principalmente modulo manufatura solicitou apresentacao funcionalidades avancadas bi alem disso revisao indicadores serao acompanhados ficou registrada necessidade revisar relatorios fiscais mensais ficou combinado retornar plano acao nova demonstracao,0,1,0
941,T0942,2026-05-05 00:00:00,Serviços,Média,Google Meet,Manufatura,durante reuniao empresa setor servicos porte media supervisor fiscal comentou utiliza principalmente modulo manufatura relatou sistema apresentou instabilidade momento critico operacao alem disso mostrou interesse modulo fiscal relatorios inteligentes ficou registrada necessidade revisar relatorios fiscais mensais cliente espera melhoria perceptivel antes ampliar escopo,1,1,0
942,T0943,2026-06-27 00:00:00,Tecnologia,Pequena,,RH,durante reuniao empresa setor tecnologia porte pequena lider operacoes declarou utiliza principalmente modulo rh validada necessidade treinamento usuarioschave alem disso listadas pendencias proxima sprint cliente quer reduzir trabalho manual centralizar dados unica plataforma ficou definido followup proxima quinzena,0,0,0
943,T0944,2026-05-17 00:00:00,Serviços,Pequena,Google Meet,ERP,durante reuniao empresa setor servicos porte pequena analista ti afirmou utiliza principalmente modulo erp disse recebeu reclamacoes internas sobre qualidade suporte alem disso reuniao foco mapeamento processo atual area negocio pediu alertas automaticos acompanhar desvios criticos sugerida prova conceito validar aderencia,1,0,0
944,T0945,2026-04-22 00:00:00,Logística,Grande,Zoom,Manufatura,durante reuniao empresa setor logistica porte grande lider operacoes declarou utiliza principalmente modulo manufatura reuniao foco mapeamento processo atual alem disso alinhamento sobre proximos marcos cronograma tambem apareceu necessidade melhorar visibilidade indicadores diretoria sugerida prova conceito validar aderencia,0,0,0
945,T0946,2026-07-12 00:00:00,Serviços,Pequena,Google Meet,Manufatura,durante reuniao empresa setor servicos porte pequena responsavel projeto destacou utiliza principalmente modulo manufatura relatou lentidao horarios pico alem disso equipe validou escopo projeto proxima fase time tecnico reforcou importancia manter base dados atualizada time pediu acompanhamento quinzenal medir evolucao,1,0,0
946,T0947,2026-04-29 00:00:00,Educação,Média,,Manufatura,durante reuniao empresa setor educacao porte media gerente projetos pontuou utiliza principalmente modulo manufatura validada necessidade treinamento usuarioschave alem disso apresentado status atual plano implantacao existe expectativa ganho produtividade automacao fluxo aprovacao time pediu acompanhamento quinzenal medir evolucao,0,0,0
947,T0948,2026-07-26 00:00:00,Serviços,Pequena,Presencial,ERP,durante reuniao empresa setor servicos porte pequena equipe comercial observou utiliza principalmente modulo erp quer integrar crm erp ainda neste semestre alem disso feita retrospectiva entregas ultimo trimestre ficou registrada necessidade revisar relatorios fiscais mensais time pediu acompanhamento quinzenal medir evolucao diretoria pediu visao consolidada indicadores especialmente receita margem inadimplencia,0,1,0
948,T0949,2026-06-15 00:00:00,Indústria,Grande,Google Meet,BI,durante reuniao empresa setor industria porte grande responsavel projeto destacou utiliza principalmente modulo bi listadas pendencias proxima sprint alem disso avaliou contratar consultoria adicional acelerar implantacao ficou registrada necessidade revisar relatorios fiscais mensais time pediu acompanhamento quinzenal medir evolucao,0,1,0
949,T0950,2026-08-15 00:00:00,Serviços,Pequena,Teams,Analytics,durante reuniao empresa setor servicos porte pequena coordenador operacoes disse utiliza principalmente modulo analytics avaliando contratar modulo analytics alem disso relatou lentidao horarios pico ficou registrada necessidade revisar relatorios fiscais mensais partes alinharam retorno ate duas semanas,1,1,0
950,T0951,2026-08-13 00:00:00,Agronegócio,Média,Zoom,Analytics,durante reuniao empresa setor agronegocio porte media gestor comentou utiliza principalmente modulo analytics reuniao foco mapeamento processo atual alem disso informou confianca equipe sistema caiu ultimos meses equipe destacou importancia documentar bem processos internos proxima etapa sera consolidar requisitos priorizar entregas,1,0,0
951,T0952,2026-06-17 00:00:00,Serviços,Média,Zoom,BI,durante reuniao empresa setor servicos porte media analista financeiro pontuou utiliza principalmente modulo bi time revisou relatorios operacionais ultimo mes alem disso perguntou sobre possibilidade contratar modulo rh area negocio pediu alertas automaticos acompanhar desvios criticos proxima etapa sera consolidar requisitos priorizar entregas,0,1,0
952,T0953,2026-08-17 00:00:00,Distribuição,Grande,Zoom,Fluig,durante reuniao empresa setor distribuicao porte grande supervisor fiscal comentou utiliza principalmente modulo fluig revisao indicadores serao acompanhados alem disso equipe alinhou cronograma nova rodada testes lideranca quer evidencias quantitativas antes decidir expansao sugerida prova conceito validar aderencia,0,0,0
953,T0954,2026-06-12 00:00:00,Construção,Pequena,Presencial,Financeiro,durante reuniao empresa setor construcao porte pequena equipe comercial observou utiliza principalmente modulo financeiro listadas pendencias proxima sprint alem disso alinhamento sobre proximos marcos cronograma lideranca quer evidencias quantitativas antes decidir expansao decisao dependera percepcao valor proximas semanas,0,0,0
954,T0955,2026-05-28 00:00:00,Indústria,Grande,Google Meet,Financeiro,durante reuniao empresa setor industria porte grande diretora financeira explicou utiliza principalmente modulo financeiro equipe validou escopo projeto proxima fase alem disso cliente pediu documentacao tecnica complementar informou processo cotacao linx time pediu acompanhamento quinzenal medir evolucao,0,0,1
955,T0956,2026-06-21 00:00:00,Logística,Média,Teams,CRM,durante reuniao empresa setor logistica porte media gerente projetos pontuou utiliza principalmente modulo crm revisao indicadores serao acompanhados alem disso time revisou relatorios operacionais ultimo mes time tecnico reforcou importancia manter base dados atualizada sugerida prova conceito validar aderencia,0,0,0
956,T0957,2026-04-21 00:00:00,Varejo,Grande,Google Meet,Analytics,durante reuniao empresa setor varejo porte grande gerente rh informou utiliza principalmente modulo analytics relatou time cogita buscar alternativas mercado alem disso avaliou contratar consultoria adicional acelerar implantacao lideranca quer evidencias quantitativas antes decidir expansao time pediu acompanhamento quinzenal medir evolucao,1,1,0
957,T0958,2026-06-30 00:00:00,Agronegócio,Média,Presencial,Protheus,durante reuniao empresa setor agronegocio porte media lider operacoes declarou utiliza principalmente modulo protheus manifestou interesse expandir uso sistema outras unidades alem disso discutidos responsaveis prazos proximos passos time interno considera importante acelerar adocao usuarios finais partes alinharam retorno ate duas semanas,0,1,0
958,T0959,2026-04-25 00:00:00,Serviços,Pequena,Teams,Analytics,durante reuniao empresa setor servicos porte pequena supervisor fiscal comentou utiliza principalmente modulo analytics demonstrou abertura piloto dashboard gerencial alem disso declarou diretoria avalia suspender uso sistema area negocio pediu alertas automaticos acompanhar desvios criticos partes alinharam retorno ate duas semanas,1,0,0
959,T0960,2026-07-02 00:00:00,Saúde,Grande,Google Meet,Fiscal,durante reuniao empresa setor saude porte grande coordenador operacoes disse utiliza principalmente modulo fiscal listadas pendencias proxima sprint alem disso mencionou nivel servico abaixo combinado contrato informou processo cotacao linx ficou definido followup proxima quinzena,1,0,1
960,T0961,2026-05-16 00:00:00,Serviços,Média,Zoom,Fiscal,durante reuniao empresa setor servicos porte media gerente projetos pontuou utiliza principalmente modulo fiscal mencionou contrato perto vencimento previsao renovacao alem disso alinhamento sobre proximos marcos cronograma comentou recebeu cotacao senior sistemas condicoes atrativas proxima etapa sera consolidar requisitos priorizar entregas,1,0,1
961,T0962,2026-04-08 00:00:00,Agronegócio,Pequena,Teams,RH,durante reuniao empresa setor agronegocio porte pequena supervisor fiscal comentou utiliza principalmente modulo rh discutidos responsaveis prazos proximos passos alem disso validada necessidade treinamento usuarioschave existe expectativa ganho produtividade automacao fluxo aprovacao time pediu acompanhamento quinzenal medir evolucao,0,0,0
962,T0963,2026-07-04 00:00:00,Indústria,Grande,,Manufatura,durante reuniao empresa setor industria porte grande coordenador operacoes disse utiliza principalmente modulo manufatura feita retrospectiva entregas ultimo trimestre alem disso relatou time cogita buscar alternativas mercado cliente quer reduzir trabalho manual centralizar dados unica plataforma ficou definido followup proxima quinzena,1,0,0
963,T0964,2026-05-22 00:00:00,Logística,Pequena,Google Meet,Analytics,durante reuniao empresa setor logistica porte pequena head tecnologia ressaltou utiliza principalmente modulo analytics sinalizou possibilidade upgrade contrato alem disso equipe alinhou cronograma nova rodada testes ficou registrada necessidade revisar relatorios fiscais mensais ficou combinado retornar plano acao nova demonstracao,0,1,0
964,T0965,2026-07-28 00:00:00,Tecnologia,Grande,Zoom,RH,durante reuniao empresa setor tecnologia porte grande gerente projetos pontuou utiliza principalmente modulo rh feita retrospectiva entregas ultimo trimestre alem disso pediu proposta comercial modulo business intelligence revelou sankhya ofereceu desconto agressivo possivel migracao ficou definido followup proxima quinzena,0,1,1
965,T0966,2026-07-14 00:00:00,Tecnologia,Média,Presencial,Analytics,durante reuniao empresa setor tecnologia porte media lider operacoes declarou utiliza principalmente modulo analytics cliente pediu documentacao tecnica complementar alem disso afirmou ja perdeu produtividade causa falhas recentes equipe destacou importancia documentar bem processos internos cliente espera melhoria perceptivel antes ampliar escopo,1,0,0
966,T0967,2026-04-11 00:00:00,Logística,Média,,CRM,durante reuniao empresa setor logistica porte media analista ti afirmou utiliza principalmente modulo crm validada necessidade treinamento usuarioschave alem disso quer integrar crm erp ainda neste semestre lideranca quer evidencias quantitativas antes decidir expansao proxima etapa sera consolidar requisitos priorizar entregas,0,1,0
967,T0968,2026-06-02 00:00:00,Varejo,Pequena,Google Meet,Analytics,durante reuniao empresa setor varejo porte pequena gestor comentou utiliza principalmente modulo analytics registrou atraso recorrente fechamento financeiro alem disso revisao indicadores serao acompanhados revelou sankhya ofereceu desconto agressivo possivel migracao decisao dependera percepcao valor proximas semanas,1,0,1
968,T0969,2026-06-06 00:00:00,Agronegócio,Média,,Protheus,durante reuniao empresa setor agronegocio porte media lider operacoes declarou utiliza principalmente modulo protheus avaliando contratar modulo analytics alem disso demonstrou abertura piloto dashboard gerencial existe expectativa ganho produtividade automacao fluxo aprovacao ficou combinado retornar plano acao nova demonstracao,0,1,0
969,T0970,2026-05-11 00:00:00,Agronegócio,Grande,Google Meet,CRM,durante reuniao empresa setor agronegocio porte grande analista financeiro pontuou utiliza principalmente modulo crm revisao indicadores serao acompanhados alem disso apresentado status atual plano implantacao comentou recebeu cotacao senior sistemas condicoes atrativas sugerida prova conceito validar aderencia,0,0,1
970,T0971,2026-04-08 00:00:00,Distribuição,Grande,Google Meet,BI,durante reuniao empresa setor distribuicao porte grande supervisor fiscal comentou utiliza principalmente modulo bi mencionou risco cancelamento problema persistir alem disso perguntou sobre possibilidade contratar modulo rh time tecnico reforcou importancia manter base dados atualizada partes alinharam retorno ate duas semanas,1,1,0
971,T0972,2026-08-07 00:00:00,Logística,Grande,Google Meet,Manufatura,durante reuniao empresa setor logistica porte grande gerente projetos pontuou utiliza principalmente modulo manufatura apresentado status atual plano implantacao alem disso revisao indicadores serao acompanhados time tecnico reforcou importancia manter base dados atualizada ficou definido followup proxima quinzena,0,0,0
972,T0973,2026-06-27 00:00:00,Distribuição,Média,Teams,Financeiro,durante reuniao empresa setor distribuicao porte media cliente relatou utiliza principalmente modulo financeiro equipe validou escopo projeto proxima fase alem disso perguntou sobre possibilidade contratar modulo rh time interno considera importante acelerar adocao usuarios finais time pediu acompanhamento quinzenal medir evolucao,0,1,0
973,T0974,2026-08-13 00:00:00,Distribuição,Grande,Teams,Fluig,durante reuniao empresa setor distribuicao porte grande diretor ti ressaltou utiliza principalmente modulo fluig listadas pendencias proxima sprint alem disso reuniao foco mapeamento processo atual mencionou salesforce entrou contato oferecendo modulo crm proxima etapa sera consolidar requisitos priorizar entregas,0,0,1
974,T0975,2026-04-21 00:00:00,Indústria,Média,,Fiscal,durante reuniao empresa setor industria porte media gerente rh informou utiliza principalmente modulo fiscal cliente pediu documentacao tecnica complementar alem disso equipe alinhou cronograma nova rodada testes time interno considera importante acelerar adocao usuarios finais ficou combinado retornar plano acao nova demonstracao,0,0,0
975,T0976,2026-08-20 00:00:00,Construção,Pequena,Teams,Analytics,durante reuniao empresa setor construcao porte pequena head tecnologia ressaltou utiliza principalmente modulo analytics avaliando contratar modulo analytics alem disso discutidos responsaveis prazos proximos passos existe expectativa ganho produtividade automacao fluxo aprovacao ficou combinado retornar plano acao nova demonstracao,0,1,0
976,T0977,2026-08-16 00:00:00,Indústria,Média,Zoom,Financeiro,durante reuniao empresa setor industria porte media time atendimento apontou utiliza principalmente modulo financeiro revisao indicadores serao acompanhados alem disso validada necessidade treinamento usuarioschave ficou registrada necessidade revisar relatorios fiscais mensais ficou combinado retornar plano acao nova demonstracao diretoria pediu visao consolidada indicadores especialmente receita margem inadimplencia,0,0,0
977,T0978,2026-07-20 00:00:00,Saúde,Grande,Presencial,Financeiro,durante reuniao empresa setor saude porte grande supervisor fiscal comentou utiliza principalmente modulo financeiro perguntou sobre condicoes adicionar modulo fiscal contrato atual alem disso reuniao foco mapeamento processo atual informou processo cotacao linx decisao dependera percepcao valor proximas semanas,0,1,1
978,T0979,2026-06-16 00:00:00,Construção,Grande,Teams,Fluig,durante reuniao empresa setor construcao porte grande responsavel projeto destacou utiliza principalmente modulo fluig mencionou nivel servico abaixo combinado contrato alem disso discutidos responsaveis prazos proximos passos ficou registrada necessidade revisar relatorios fiscais mensais proxima etapa sera consolidar requisitos priorizar entregas,1,0,0
979,T0980,2026-08-09 00:00:00,Varejo,Média,Teams,BI,durante reuniao empresa setor varejo porte media diretora financeira explicou utiliza principalmente modulo bi alinhamento sobre proximos marcos cronograma alem disso listadas pendencias proxima sprint cliente mencionou avaliando proposta comercial sap ficou definido followup proxima quinzena,0,0,1
980,T0981,2026-04-28 00:00:00,Distribuição,Pequena,Google Meet,Fiscal,durante reuniao empresa setor distribuicao porte pequena responsavel projeto destacou utiliza principalmente modulo fiscal grupo revisou perfis acesso regras negocio alem disso alinhamento sobre proximos marcos cronograma cliente mencionou avaliando proposta comercial sap decisao dependera percepcao valor proximas semanas,0,0,1
981,T0982,2026-05-20 00:00:00,Serviços,Pequena,Teams,RH,durante reuniao empresa setor servicos porte pequena diretor ti ressaltou utiliza principalmente modulo rh afirmou usuarios evitam usar algumas telas complexidade alem disso grupo revisou perfis acesso regras negocio equipe destacou importancia documentar bem processos internos partes alinharam retorno ate duas semanas,1,0,0
982,T0983,2026-06-17 00:00:00,Logística,Pequena,Google Meet,Fluig,durante reuniao empresa setor logistica porte pequena analista financeiro pontuou utiliza principalmente modulo fluig informou confianca equipe sistema caiu ultimos meses alem disso feita retrospectiva entregas ultimo trimestre ficou registrada necessidade revisar relatorios fiscais mensais decisao dependera percepcao valor proximas semanas,1,0,0
983,T0984,2026-07-13 00:00:00,Indústria,Média,Google Meet,BI,durante reuniao empresa setor industria porte media time atendimento apontou utiliza principalmente modulo bi sinalizou possibilidade upgrade contrato alem disso relatou frustracao tempo resposta suporte tecnico time interno considera importante acelerar adocao usuarios finais decisao dependera percepcao valor proximas semanas,1,1,0
984,T0985,2026-06-23 00:00:00,Tecnologia,Grande,Teams,Financeiro,durante reuniao empresa setor tecnologia porte grande supervisor fiscal comentou utiliza principalmente modulo financeiro relatou time cogita buscar alternativas mercado alem disso perguntou sobre condicoes adicionar modulo fiscal contrato atual conversa reforcou necessidade padronizacao cadastro qualidade dados proxima etapa sera consolidar requisitos priorizar entregas,1,1,0
985,T0986,2026-07-30 00:00:00,Indústria,Grande,Presencial,CRM,durante reuniao empresa setor industria porte grande gerente rh informou utiliza principalmente modulo crm relatou frustracao tempo resposta suporte tecnico alem disso equipe validou escopo projeto proxima fase existe expectativa ganho produtividade automacao fluxo aprovacao proxima etapa sera consolidar requisitos priorizar entregas reuniao hibrida audio trechos curtos frases interrompidas assim ficou claro desconforto falhas,1,0,0
986,T0987,2026-04-29 00:00:00,Varejo,Pequena,Zoom,Fluig,durante reuniao empresa setor varejo porte pequena lider operacoes declarou utiliza principalmente modulo fluig avaliando contratar modulo analytics alem disso afirmou ja perdeu produtividade causa falhas recentes equipe destacou importancia documentar bem processos internos decisao dependera percepcao valor proximas semanas,1,1,0
987,T0988,2026-08-18 00:00:00,Construção,Grande,,ERP,durante reuniao empresa setor construcao porte grande analista financeiro pontuou utiliza principalmente modulo erp demonstrou abertura piloto dashboard gerencial alem disso reuniao foco mapeamento processo atual tambem apareceu necessidade melhorar visibilidade indicadores diretoria time pediu acompanhamento quinzenal medir evolucao,0,0,0
988,T0989,2026-07-29 00:00:00,Distribuição,Média,Google Meet,Fluig,durante reuniao empresa setor distribuicao porte media gerente rh informou utiliza principalmente modulo fluig apresentado status atual plano implantacao alem disso time revisou relatorios operacionais ultimo mes citou oracle netsuite fez contato oferecendo pacote similar cliente espera melhoria perceptivel antes ampliar escopo,0,0,1
989,T0990,2026-04-13 00:00:00,Tecnologia,Pequena,,Fluig,durante reuniao empresa setor tecnologia porte pequena equipe comercial observou utiliza principalmente modulo fluig listadas pendencias proxima sprint alem disso equipe validou escopo projeto proxima fase time tecnico reforcou importancia manter base dados atualizada time pediu acompanhamento quinzenal medir evolucao,0,0,0
990,T0991,2026-04-20 00:00:00,Agronegócio,Pequena,,Analytics,durante reuniao empresa setor agronegocio porte pequena coordenador operacoes disse utiliza principalmente modulo analytics alinhamento sobre proximos marcos cronograma alem disso demonstrou abertura piloto dashboard gerencial equipe destacou importancia documentar bem processos internos ficou definido followup proxima quinzena,0,0,0
991,T0992,2026-07-20 00:00:00,Construção,Média,Presencial,BI,durante reuniao empresa setor construcao porte media diretor ti ressaltou utiliza principalmente modulo bi validada necessidade treinamento usuarioschave alem disso grupo revisou perfis acesso regras negocio equipe destacou importancia documentar bem processos internos time pediu acompanhamento quinzenal medir evolucao,0,0,0
992,T0993,2026-04-06 00:00:00,Serviços,Grande,Google Meet,Protheus,durante reuniao empresa setor servicos porte grande supervisor fiscal comentou utiliza principalmente modulo protheus listadas pendencias proxima sprint alem disso feita retrospectiva entregas ultimo trimestre existe expectativa ganho produtividade automacao fluxo aprovacao ficou combinado retornar plano acao nova demonstracao,0,0,0
993,T0994,2026-06-23 00:00:00,Tecnologia,Média,Teams,RH,durante reuniao empresa setor tecnologia porte media head tecnologia ressaltou utiliza principalmente modulo rh time revisou relatorios operacionais ultimo mes alem disso informou confianca equipe sistema caiu ultimos meses time interno considera importante acelerar adocao usuarios finais sugerida prova conceito validar aderencia,1,0,0
994,T0995,2026-04-11 00:00:00,Educação,Grande,Google Meet,Analytics,durante reuniao empresa setor educacao porte grande gestor comentou utiliza principalmente modulo analytics demonstrou interesse ampliar numero licencas usuarios alem disso mencionou contrato perto vencimento previsao renovacao time interno considera importante acelerar adocao usuarios finais decisao dependera percepcao valor proximas semanas,1,1,0
995,T0996,2026-06-30 00:00:00,Indústria,Pequena,Presencial,Analytics,durante reuniao empresa setor industria porte pequena gerente projetos pontuou utiliza principalmente modulo analytics demonstrou interesse conhecer modulo manufatura alem disso reuniao foco mapeamento processo atual time interno considera importante acelerar adocao usuarios finais partes alinharam retorno ate duas semanas obs: mencao dashboard tempo real necessidade integracao via api,0,1,0
996,T0997,2026-05-02 00:00:00,Saúde,Pequena,,RH,durante reuniao empresa setor saude porte pequena analista financeiro pontuou utiliza principalmente modulo rh quer integrar crm erp ainda neste semestre alem disso relatou time cogita buscar alternativas mercado time interno considera importante acelerar adocao usuarios finais proxima etapa sera consolidar requisitos priorizar entregas,1,1,0
997,T0998,2026-07-16 00:00:00,Distribuição,Pequena,Zoom,Fiscal,durante reuniao empresa setor distribuicao porte pequena gestor comentou utiliza principalmente modulo fiscal cliente pediu documentacao tecnica complementar alem disso solicitou reuniao comercial tratar expansao escopo ficou registrada necessidade revisar relatorios fiscais mensais cliente espera melhoria perceptivel antes ampliar escopo obs: mencao dashboard tempo real necessidade integracao via api,0,1,0
998,T0999,2026-06-19 00:00:00,Saúde,Média,Google Meet,Financeiro,durante reuniao empresa setor saude porte media analista financeiro pontuou utiliza principalmente modulo financeiro registrou atraso recorrente fechamento financeiro alem disso apresentado status atual plano implantacao ficou registrada necessidade revisar relatorios fiscais mensais cliente espera melhoria perceptivel antes ampliar escopo,1,0,0
999,T1000,2026-05-07 00:00:00,Distribuição,Pequena,,Protheus,durante reuniao empresa setor distribuicao porte pequena cliente relatou utiliza principalmente modulo protheus demonstrou abertura piloto dashboard gerencial alem disso relatou time cogita buscar alternativas mercado ficou registrada necessidade revisar relatorios fiscais mensais cliente espera melhoria perceptivel antes ampliar escopo usuarios disseram processo atual manual lento pouco confiavel,1,0,0
